//*[==========================================================================]
//* MU Online - EvilDemon - 2025                                                                                       
//*[==========================================================================]

0
//====================================================================================================================================================================================================================================================================================================================================================
//Type   Slot   Skill   Width   Height   HaveSerial   HaveOption   DropItem   Name                                 Level   DamageMin   DamageMax   AttackSpeed   Durability   MagicDurability   MagicDamageRate   ReqLevel   ReqStrength   ReqDexterity   ReqEnergy   ReqVitality   ReqLeadership   SetAttr   DW   DK   FE   MG   DL   SU   RF
//====================================================================================================================================================================================================================================================================================================================================================
0        0      0       1       2        1            1            0          "Kris"                               6       6           11          50            20           0                 0                 0          40            40             0           0             0               0      1       1       1       1       1       1       1
1        0      0       1       3        1            1            1          "Short Sword"                        3       3           7           20            22           0                 0                 0          60            0              0           0             0               0      1       1       1       1       1       1       1
2        0      0       1       3        1            1            1          "Rapier"                             9       9           15          40            23           0                 0                 0          50            40             0           0             0               0      0       1       1       1       1       1       0
3        0      20      1       3        1            1            1          "Katana"                             16      16          26          35            27           0                 0                 0          80            40             0           0             0               0      0       1       0       1       1       0       0
4        0      21      1       3        1            1            1          "Sword of Assassin"                  12      12          18          30            24           0                 0                 0          60            40             0           0             0               0      0       1       0       1       1       0       0
5        0      22      1       3        1            1            1          "Blade"                              36      36          47          30            39           0                 0                 0          80            50             0           0             0               0      1       1       1       1       1       0       0
6        0      20      1       3        1            1            1          "Gladius"                            20      20          30          20            30           0                 0                 0          110           0              0           0             0               0      0       1       1       1       1       0       0
7        0      21      1       3        1            1            1          "Falchion"                           24      24          34          25            34           0                 0                 0          120           0              0           0             0               0      0       1       0       1       1       0       0
8        0      21      1       3        1            1            1          "Serpent Sword"                      30      30          40          20            36           0                 0                 0          130           0              0           0             0               0      0       1       0       1       1       0       0
9        0      20      1       3        1            1            1          "Sword of Salamander"                32      32          46          30            40           0                 0                 0          103           0              0           0             0               0      0       1       0       1       0       0       0
10       0      22      1       4        1            1            1          "Light Saber"                        40      47          61          25            50           0                 0                 0          80            60             0           0             0               0      0       1       1       1       0       0       0
11       0      20      1       3        1            1            1          "Legendary Sword"                    44      56          72          20            54           0                 0                 0          120           0              0           0             0               0      0       1       0       1       0       0       0
12       0      19      1       3        1            1            1          "Heliacal Sword"                     56      73          98          25            66           0                 0                 0          140           0              0           0             0               0      0       1       0       1       0       0       0
13       0      22      1       3        1            1            1          "Double Blade"                       48      48          56          30            43           0                 0                 0          70            70             0           0             0               0      0       1       1       1       0       0       0
14       0      22      1       3        1            1            1          "Lighting Sword"                     59      59          67          30            50           0                 0                 0          90            50             0           0             0               0      0       1       1       1       0       0       0
15       0      23      1       3        1            1            1          "Giant Sword"                        52      60          85          20            60           0                 0                 0          140           0              0           0             0               0      0       1       0       1       0       0       0
16       0      22      1       4        1            1            1          "Sword of Destruction"               82      82          90          35            84           0                 0                 0          160           60             0           0             0               0      0       1       0       1       0       0       0
17       0      23      1       4        1            1            1          "Dark Breaker"                       104     128         153         40            89           0                 0                 0          180           50             0           0             0               0      0       1       0       0       0       0       0
18       0      23      1       3        1            1            1          "Thunder Blade"                      105     140         168         40            86           0                 0                 0          180           50             0           0             0               0      0       0       0       1       0       0       0
19       0      22      1       4        1            1            1          "Divine Sword of Archangel"          86      220         230         45            168          0                 0                 0          140           50             0           0             0               0      0       2       0       1       1       0       0
20       0      22      1       4        1            1            1          "Knight Blade"                       140     107         115         35            90           0                 0                 0          116           38             0           0             0               0      0       2       0       0       0       0       0
21       0      56      1       4        1            1            1          "Dark Reign Blade"                   140     115         142         40            100          0                 115               0          116           53             9           0             0               0      0       0       0       1       0       0       0
22       0      22      1       4        1            1            1          "Bone Blade"                         147     122         135         40            95           0                 0                 0          100           35             0           0             0               0      0       2       0       0       0       0       0
23       0      56      1       4        1            1            1          "Explosion Blade"                    147     127         155         45            110          0                 134               0          98            48             7           0             0               0      0       0       0       1       0       0       0
24       0      22      1       4        1            1            1          "Daybreak"                           115     182         218         40            90           0                 0                 0          192           30             0           0             0               0      0       2       0       0       0       0       0
25       0      56      1       4        1            1            1          "Sword Dancer"                       115     109         136         40            90           0                 108               0          136           57             9           0             0               0      0       0       0       1       0       0       0
26       0      22      1       4        1            1            1          "Flameberge"                         137     115         126         40            90           0                 0                 0          193           53             0           0             0               0      0       2       0       0       0       0       0
27       0      22      1       4        1            1            1          "Sword Breaker"                      133     91          99          35            90           0                 0                 0          53            176            0           0             0               0      0       2       0       0       0       0       0
28       0      56      1       4        1            1            1          "Rune Bastard Sword"                 139     98          122         45            90           0                 109               0          91            73             17          0             0               0      0       0       0       1       0       0       0
29       0      22      1       4        1            1            0          "Sonic Blade"                        149     109         116         35            80           0                 0                 0          49            162            0           0             0               0      0       2       0       0       0       0       0
30       0      56      1       4        1            1            0          "Asura"                              149     115         140         45            90           0                 112               0          86            70             16          0             0               0      0       0       0       1       0       0       0
31       0      56      1       4        1            1            1          "Rune Blade"                         100     104         130         35            93           0                 104               0          135           62             9           0             0               0      0       2       0       1       1       0       0
32       0      260     1       2        1            1            1          "Sacred Glove"                       52      52          58          25            65           0                 0                 0          85            35             0           0             0               0      0       0       0       0       0       0       1
33       0      261     1       2        1            1            1          "Holly Storm Claws"                  82      82          88          30            77           0                 0                 0          100           50             0           0             0               0      0       0       0       0       0       0       1
34       0      260     1       2        1            1            1          "Piercing Glove"                     105     95          101         35            86           0                 0                 0          120           60             0           0             0               0      0       0       0       0       0       0       1
35	     0	    270	    1	    2	     1	          1	           1	      "Phoenix Soul Star"	               147	   183	       192	       40	         98	          0	                0	              0          101	       51	          0	          0	            0	            0	   0	   0	   0	   0	   0	   0	   1	
//====================================================================================================================================================================================================================================================================================================================================================
//Type   Slot   Skill   Width   Height   HaveSerial   HaveOption   DropItem   Name                                 Level   DamageMin   DamageMax   AttackSpeed   Durability   MagicDurability   MagicDamageRate   ReqLevel   ReqStrength   ReqDexterity   ReqEnergy   ReqVitality   ReqLeadership   SetAttr   DW   DK   FE   MG   DL   SU   RF
//====================================================================================================================================================================================================================================================================================================================================================
41		0		270		1		2		1			1			0			"Absolute Archangel Glove"			147		185			190			40			98			0				0				300			101			51				0			0			0				0		0	0	0	0	0	0	3	
42		0		270		1		2		1			1			0			"Blessed Divine Glove"				147		187			192			40			98			0				0				300			101			51				0			0			0				0		0	0	0	0	0	0	3	
43		0		270		1		2		1			1			0			"Bloodangel Glove"					147		189			194			40			98			0				0				300			101			51				0			0			0				0		0	0	0	0	0	0	3	
44		0		270		1		2		1			1			0			"Darkangel Glove"					147		191			196			40			98			0				0				300			101			51				0			0			0				0		0	0	0	0	0	0	3	
45		0		270		1		2		1			1			0			"Holydangel Glove"					147		193			198			40			98			0				0				300			101			51				0			0			0				0		0	0	0	0	0	0	3	
46		0		270		1		2		1			1			0			"Awakening Glove"					147		195			200			40			98			0				0				300			101			51				0			0			0				0		0	0	0	0	0	0	3	
47		0		270		1		2		1			1			0			"Blue Eyes Glove"					147		197			202			40			98			0				0				300			101			51				0			0			0				0		0	0	0	0	0	0	3	
48		0		270		1		2		1			1			0			"Silver Heart Glove"				147		199			204			40			98			0				0				300			101			51				0			0			0				0		0	0	0	0	0	0	3	
49		0		270		1		2		1			1			0			"Manticore Glove"					147		200			206			40			98			0				0				300			101			51				0			0			0				0		0	0	0	0	0	0	3	
50		0		270		1		2		1			1			0			"Brilliant Glove"					147		202			208			40			98			0				0				300			101			51				0			0			0				0		0	0	0	0	0	0	3	
51		0		270		1		2		1			1			0			"Apocalypse Glove"					147		204			210			40			98			0				0				300			101			51				0			0			0				0		0	0	0	0	0	0	3	
52		0		270		1		2		1			1			0			"Pantera Glove"						147		190			195			40			98			0				0				300			101			51				0			0			0				0		0	0	0	0	0	0	3	
53		0		270		1		2		1			1			0			"Tigris Glove"						147		192			196			40			98			0				0				300			101			51				0			0			0				0		0	0	0	0	0	0	3	
54		0		270		1		2		1			1			0			"Lightning Glove"					147		204			210			40			98			0				0				300			101			51				0			0			0				0		0	0	0	0	0	0	3	
//Type	Slot	Skill	Width	Height	HaveSerial	HaveOption	DropItem	Name								Level	DamageMin	DamageMax	AttackSpeed	Durability	MagicDurability	MagicDamageRate	ReqLevel	ReqStrength	ReqDexterity	ReqEnergy	ReqVitality	ReqLeadership	None	DW	DK	FE	MG	DL	SU	RF
101		0		22		1		4		1			1			0			"Sonic Blade Sword"					137		120			130			42			90			0				0				300			193			53				0			0			0				0		0	3	0	0	0	0	0
102		0		22		1		4		1			1			0			"Cyclone Sword"						137		120			130			42			90			0				0				300			193			53				0			0			0				0		0	3	0	0	0	0	0
103		0		56		1		4		1			1			0			"Blast Breaker Sword"				139		100			125			47			90			0				109				300			91			73				17			0			0				0		0	0	0	3	0	0	0
104		0		56		1		4		1			1			0			"Asura Sword"						139		100			125			47			90			0				109				300			91			73				17			0			0				0		0	0	0	3	0	0	0
105		0		22		1		4		1			1			0			"Blessed Divine Sword"				86		230			240			55			168			0				0				300			140			50				0			0			0				0		0	3	0	3	0	0	0
106		0		0		1		3		1			1			0			"Blessed Divine ShortSword"			105		200         220			40			22			0				0				300			60			0				0			0			0				0		0	3	0	3	3	3	0
107		0		22		1		4		1			1			0			"Blood Angel Sword"					137		121			132			42			90			0				0				300			193			53				0			0			0				0		0	3	0	0	0	0	0
108		0		22		1		4		1			1			0			"Blood Angel Magic Sword"			137		121			132			42			90			0				110				300			193			53				0			0			0				0		0	0	0	3	0	0	0
109		0		0		1		3		1			1			0			"Blood Angel ShortSword"			105		110         115			40			22			0				0				300			60			0				0			0			0				0		0	3	0	3	3	3	0
110		0		22		1		4		1			1			0			"Dark Angel Sword"					137		122			133			42			90			0				0				300			193			53				0			0			0				0		0	3	0	0	0	0	0
111		0		22		1		4		1			1			0			"Dark Angel Magic Sword"			137		122			133			42			90			0				112				300			193			53				0			0			0				0		0	0	0	3	0	0	0
112		0		0		1		3		1			1			0			"Dark Angel ShortSword"				105		111         116			40			22			0				0				300			60			0				0			0			0				0		0	3	0	3	3	3	0
113		0		22		1		4		1			1			0			"Holy Angel Sword"					137		124			135			42			90			0				0				300			193			53				0			0			0				0		0	3	0	0	0	0	0
114		0		22		1		4		1			1			0			"Holy Angel Magic Sword"			137		124			135			42			90			0				113				300			193			53				0			0			0				0		0	0	0	3	0	0	0
115		0		0		1		3		1			1			0			"Holy Angel ShortSword"				105		113         118			40			22			0				0				300			60			0				0			0			0				0		0	3	0	3	3	3	0
116		0		22		1		4		1			1			0			"Awakening Sword"					137		126			137			42			90			0				0				300			193			53				0			0			0				0		0	3	0	0	0	0	0
117		0		22		1		4		1			1			0			"Awakening Magic Sword"				137		126			137			42			90			0				114				300			193			53				0			0			0				0		0	0	0	3	0	0	0
118		0		0		1		3		1			1			0			"Awakening ShortSword"				105		115         120			40			22			0				0				300			60			0				0			0			0				0		0	3	0	3	3	3	0
119		0		22		1		4		1			1			0			"BlueEyes Sword"					137		128			139			42			90			0				0				300			193			53				0			0			0				0		0	3	0	0	0	0	0
120		0		22		1		4		1			1			0			"BlueEyes Magic Sword"				137		128			139			42			90			0				115				300			193			53				0			0			0				0		0	0	0	3	0	0	0
121		0		0		1		3		1			1			0			"BlueEyes ShortSword"				105		117         122			40			22			0				0				300			60			0				0			0			0				0		0	3	0	3	3	3	0
122		0		22		1		4		1			1			0			"SilverHeart Sword"					137		130			141			42			90			0				0				300			193			53				0			0			0				0		0	3	0	0	0	0	0
123		0		22		1		4		1			1			0			"SilverHeart Magic Sword"			137		130			141			42			90			0				116				300			193			53				0			0			0				0		0	0	0	3	0	0	0
124		0		0		1		3		1			1			0			"SilverHeart ShortSword"			105		119         124			40			22			0				0				300			60			0				0			0			0				0		0	3	0	3	3	3	0
125		0		22		1		4		1			1			0			"Manticore Sword"					137		132			143			42			90			0				0				300			193			53				0			0			0				0		0	3	0	0	0	0	0
126		0		22		1		4		1			1			0			"Manticore Magic Sword"				137		132			143			42			90			0				118				300			193			53				0			0			0				0		0	0	0	3	0	0	0
127		0		0		1		3		1			1			0			"Manticore ShortSword"				105		121         126			40			22			0				0				300			60			0				0			0			0				0		0	3	0	3	3	3	0
128		0		22		1		4		1			1			0			"Brilliant Sword"					137		134			145			42			90			0				0				300			193			53				0			0			0				0		0	3	0	0	0	0	0
129		0		22		1		4		1			1			0			"Brilliant Magic Sword"				137		134			145			42			90			0				120				300			193			53				0			0			0				0		0	0	0	3	0	0	0
130		0		0		1		3		1			1			0			"Brilliant ShortSword"				105		123         128			40			22			0				0				300			60			0				0			0			0				0		0	3	0	3	3	3	0
131		0		22		1		4		1			1			0			"Apocalypse Sword"					137		136			147			42			90			0				0				300			193			53				0			0			0				0		0	3	0	0	0	0	0
132		0		22		1		4		1			1			0			"Apocalypse Magic Sword"			137		136			147			42			90			0				122				300			193			53				0			0			0				0		0	0	0	3	0	0	0
133		0		0		1		3		1			1			0			"Apocalypse ShortSword"				105		125         130			40			22			0				0				300			60			0				0			0			0				0		0	3	0	3	3	3	0
134		0		22		1		4		1			1			0			"Lightning Sword"					137		136			147			42			90			0				0				300			193			53				0			0			0				0		0	3	0	0	0	0	0
135		0		22		1		4		1			1			0			"Lightning Magic Sword"				137		136			147			42			90			0				122				300			193			53				0			0			0				0		0	0	0	3	0	0	0
136		0		0		1		3		1			1			0			"Lightning ShortSword"				105		125         130			40			22			0				0				300			60			0				0			0			0				0		0	3	0	3	3	3	0
//Type	Slot	Skill	Width	Height	HaveSerial	HaveOption	DropItem	Name								Level	DamageMin	DamageMax	AttackSpeed	Durability	MagicDurability	MagicDamageRate	ReqLevel	ReqStrength	ReqDexterity	ReqEnergy	ReqVitality	ReqLeadership	None	DW	DK	FE	MG	DL	SU	RF
150		0		56		1		4		1			1			0			"Blood Angel Magic Blade"			139		110			127			49			90			0				130				300			91			73				17			0			0				0		0	0	0	3	0	0	0
151		0		56		1		4		1			1			0			"Dark Angel Magic Blade"			139		112			129			49			90			0				132				300			91			73				17			0			0				0		0	0	0	3	0	0	0
152		0		56		1		4		1			1			0			"Holy Angel Magic Blade"			139		114			131			49			90			0				134				300			91			73				17			0			0				0		0	0	0	3	0	0	0
153		0		56		1		4		1			1			0			"Awakening Magic Blade"				139		116			133			49			90			0				136				300			91			73				17			0			0				0		0	0	0	3	0	0	0
154		0		56		1		4		1			1			0			"Blue Eyes Magic Blade"				139		118			135			49			90			0				138				300			91			73				17			0			0				0		0	0	0	3	0	0	0
155		0		56		1		4		1			1			0			"Silver Heart Magic Blade"			139		120			137			49			90			0				140				300			91			73				17			0			0				0		0	0	0	3	0	0	0
156		0		56		1		4		1			1			0			"Manticore Magic Blade"				139		122			139			49			90			0				142				300			91			73				17			0			0				0		0	0	0	3	0	0	0
157		0		56		1		4		1			1			0			"Brilliant Magic Blade"				139		124			141			49			90			0				144				300			91			73				17			0			0				0		0	0	0	3	0	0	0
158		0		56		1		4		1			1			0			"Apocalypse Magic Blade"			139		126			143			49			90			0				146				300			91			73				17			0			0				0		0	0	0	3	0	0	0
159		0		56		1		4		1			1			0			"Lightning Magic Blade"				139		126			143			49			90			0				146				300			91			73				17			0			0				0		0	0	0	3	0	0	0
//Type	Slot	Skill	Width	Height	HaveSerial	HaveOption	DropItem	Name								Level	DamageMin	DamageMax	AttackSpeed	Durability	MagicDurability	MagicDamageRate	ReqLevel	ReqStrength	ReqDexterity	ReqEnergy	ReqVitality	ReqLeadership	None	DW	DK	FE	MG	DL	SU	RF
170		0		22		1		4		1			1			0			"Xeno Blade Illusion"				150		120			130			42			90			0				100				300			193			53				0			0			0				0		0	3	0	0	0	0	0
171		0		22		1		4		1			1			0			"Rotary Blade Illusion"				150		120			130			42			90			0				102				300			193			53				0			0			0				0		0	3	0	0	0	0	0
172		0		22		1		4		1			1			0			"Absolute Archangel Illusion"		150		120			130			42			90			0				104				300			193			53				0			0			0				0		0	3	0	0	0	0	0
173		0		22		1		4		1			1			0			"Absolute Blessed Illusion"			150		120			130			42			90			0				106				300			193			53				0			0			0				0		0	3	0	0	0	0	0
174		0		22		1		4		1			1			0			"Blood Angel Illusion"				150		120			130			42			90			0				108				300			193			53				0			0			0				0		0	3	0	0	0	0	0
175		0		22		1		4		1			1			0			"Dark Angel Illusion"				150		120			130			42			90			0				110				300			193			53				0			0			0				0		0	3	0	0	0	0	0
176		0		22		1		4		1			1			0			"Holy Angel Illusion"				150		120			130			42			90			0				112				300			193			53				0			0			0				0		0	3	0	0	0	0	0
177		0		22		1		4		1			1			0			"Awakening Illusion"				150		120			130			42			90			0				114				300			193			53				0			0			0				0		0	3	0	0	0	0	0
178		0		22		1		4		1			1			0			"Blue Eyes Illusion"				150		120			130			42			90			0				116				300			193			53				0			0			0				0		0	3	0	0	0	0	0
179		0		22		1		4		1			1			0			"Silver Heart Illusion"				150		120			130			42			90			0				118				300			193			53				0			0			0				0		0	3	0	0	0	0	0
180		0		22		1		4		1			1			0			"Roaming Manticore Illusion"		150		120			130			42			90			0				120				300			193			53				0			0			0				0		0	3	0	0	0	0	0
181		0		22		1		4		1			1			0			"Brilliant Illusion"				150		120			130			42			90			0				122				300			193			53				0			0			0				0		0	3	0	0	0	0	0
182		0		22		1		4		1			1			0			"Dragon Blade Illusion"				150		120			130			42			90			0				124				300			193			53				0			0			0				0		0	3	0	0	0	0	0
183		0		22		1		4		1			1			0			"Blood Blade Illusion"				150		120			130			42			90			0				126				300			193			53				0			0			0				0		0	3	0	0	0	0	0
184		0		22		1		4		1			1			0			"Apocalypse Blade Illusion"			150		120			130			42			90			0				128				300			193			53				0			0			0				0		0	3	0	0	0	0	0
185		0		22		1		4		1			1			0			"Blade Illusion Flame"				150		450			600			42			90			0				130				300			193			53				0			0			0				0		0	3	0	0	0	0	0
186		0		22		1		4		1			1			0			"Lightning Illusion Flame"			150		450			600			42			90			0				130				300			193			53				0			0			0				0		0	3	0	0	0	0	0
end

1
//====================================================================================================================================================================================================================================================================================================================================================
//Type   Slot   Skill   Width   Height   HaveSerial   HaveOption   DropItem   Name                                 Level   DamageMin   DamageMax   AttackSpeed   Durability   MagicDurability   MagicDamageRate   ReqLevel   ReqStrength   ReqDexterity   ReqEnergy   ReqVitality   ReqLeadership   SetAttr   DW   DK   FE   MG   DL   SU   RF
//====================================================================================================================================================================================================================================================================================================================================================
0        0      0       1       3        1            1            1          "Small Axe"                          1       1           6           20            18           0                 0                 0          50            0              0           0             0               0      1       1       1       1       1       1       1
1        0      0       1       3        1            1            1          "Hand Axe"                           4       4           9           30            20           0                 0                 0          70            0              0           0             0               0      1       1       1       1       1       1       1
2        0      19      1       3        1            1            1          "Double Axe"                         14      14          24          20            26           0                 0                 0          90            0              0           0             0               0      0       1       0       1       1       0       0
3        0      19      1       3        1            1            1          "Tomahawk"                           18      18          28          30            28           0                 0                 0          100           0              0           0             0               0      0       1       0       1       1       0       1
4        0      0       1       3        1            1            1          "Elven Axe"                          26      26          38          40            32           0                 0                 0          50            70             0           0             0               0      1       0       1       1       0       1       0
5        0      19      1       3        1            1            1          "Battle Axe"                         30      36          44          20            36           0                 0                 0          120           0              0           0             0               0      0       2       1       1       0       0       0
6        0      19      1       3        1            1            1          "Nikea Axe"                          34      38          50          30            44           0                 0                 0          130           0              0           0             0               0      0       2       1       1       0       0       0
7        0      19      1       3        1            1            1          "Larkan Axe"                         46      54          67          25            55           0                 0                 0          140           0              0           0             0               0      0       3       0       1       0       0       0
8        0      19      1       3        1            1            1          "Crescent Axe"                       54      69          89          30            65           0                 0                 0          100           40             0           0             0               0      1       3       0       1       0       0       0
//====================================================================================================================================================================================================================================================================================================================================================
//Type   Slot   Skill   Width   Height   HaveSerial   HaveOption   DropItem   Name                                 Level   DamageMin   DamageMax   AttackSpeed   Durability   MagicDurability   MagicDamageRate   ReqLevel   ReqStrength   ReqDexterity   ReqEnergy   ReqVitality   ReqLeadership   SetAttr   DW   DK   FE   MG   DL   SU   RF
//====================================================================================================================================================================================================================================================================================================================================================
9        0      23      1       4        1            1            0          "Doblue Chaos Dragon Axe"            75      62          90         35            80           0                 0                 0          140           50             0           0             0               0      0       2       0       1       0       0       0
10       0      23      1       4        1            1            0          "Diamond_mine_sword"                 150     130         160         35            80           0                 0                 0          140           50             0           0             0               0      0       2       0       1       0       0       0
11       0      56      1       4        1            1            0          "Blood_Castle_sword"                 150     130         160         35            80           0                 0                 0          140           50             0           0             0               0      0       2       0       1       0       0       0
end

2
//====================================================================================================================================================================================================================================================================================================================================================
//Type   Slot   Skill   Width   Height   HaveSerial   HaveOption   DropItem   Name                                 Level   DamageMin   DamageMax   AttackSpeed   Durability   MagicDurability   MagicDamageRate   ReqLevel   ReqStrength   ReqDexterity   ReqEnergy   ReqVitality   ReqLeadership   SetAttr   DW   DK   FE   MG   DL   SU   RF
//====================================================================================================================================================================================================================================================================================================================================================
0        0      0       1       3        1            1            1          "Mace"                               7       7           13          15            21           0                 0                 0          100           0              0           0             0               0      0       1       0       1       1       0       1
1        0      19      1       3        1            1            1          "Morning Star"                       13      13          22          15            25           0                 0                 0          100           0              0           0             0               0      0       1       0       1       1       0       1
2        0      0       1       3        1            1            1          "Flail"                              22      22          32          15            32           0                 0                 0          80            50             0           0             0               0      0       1       0       1       1       0       1
3        0      19      1       3        1            1            1          "Great Hammer"                       38      45          56          15            50           0                 0                 0          150           0              0           0             0               0      0       1       0       1       0       0       1
4        0      19      1       3        1            1            1          "Crystal Morning Star"               66      78          107         30            72           0                 0                 0          130           0              0           0             0               0      1       1       1       1       0       0       1
5        0      23      1       4        1            1            1          "Crystal Sword"                      72      89          120         40            76           0                 0                 0          130           70             0           0             0               0      1       1       1       1       0       0       0
6        0      23      1       4        1            1            0          "Chaos Dragon Axe"                   75      102         130         35            80           0                 0                 0          140           50             0           0             0               0      0       2       0       1       0       0       0
7        0      0       1       3        1            1            1          "Elemental Mace"                     90      62          80          50            50           0                 0                 0          15            42             0           0             0               0      0       0       1       0       0       0       0
8        0      66      1       3        1            1            1          "Battle Scepter"                     54      41          52          45            40           0                 3                 0          80            17             0           0             0               0      0       0       0       0       1       0       0
9        0      66      1       3        1            1            1          "Master Scepter"                     72      57          68          45            45           0                 20                0          87            18             0           0             0               0      0       0       0       0       1       0       0
10       0      66      1       4        1            1            1          "Great Scepter"                      82      74          85          45            65           0                 35                0          100           21             0           0             0               0      0       0       0       0       1       0       0
11       0      66      1       4        1            1            1          "Lord Scepter"                       98      91          102         40            72           0                 52                0          105           23             0           0             0               0      0       2       0       0       1       0       0
12       0      66      1       4        1            1            1          "Great Lord Scepter"                 140     108         120         40            84           0                 67                0          90            20             0           0             0               0      0       2       0       0       1       0       0
13       0      66      1       4        1            1            1          "Divine Scepter of Archangel"        150     200         223         45            90           0                 138               0          75            16             0           0             0               0      0       0       0       0       1       0       0
14       0      66      1       4        1            1            1          "Soleil Sceptor"                     146     130         153         40            95           0                 84                0          80            15             0           0             0               0      0       0       0       0       1       0       0
15       0      66      1       4        1            1            1          "Shining Scepter"                    110     99          111         40            78           0                 60                0          108           22             0           0             0               0      0       0       0       0       1       0       0
16       0      0       1       3        1            1            1          "Frost Mace"                         121     106         146         50            80           0                 0                 0          27            19             0           0             0               0      0       0       1       0       0       0       0
17       0      66      1       4        1            1            1          "Absolute Scepter"                   135     114         132         40            90           0                 72                0          119           24             0           0             0               0      0       0       0       0       1       0       0
18       0      66      1       4        1            1            1          "Striker Scepter"                    147     112         124         40            86           0                 70                0          87            20             0           0             0               0      0       0       0       0       1       0       0
//====================================================================================================================================================================================================================================================================================================================================================
//Type   Slot   Skill   Width   Height   HaveSerial   HaveOption   DropItem   Name                                 Level   DamageMin   DamageMax   AttackSpeed   Durability   MagicDurability   MagicDamageRate   ReqLevel   ReqStrength   ReqDexterity   ReqEnergy   ReqVitality   ReqLeadership   SetAttr   DW   DK   FE   MG   DL   SU   RF
//====================================================================================================================================================================================================================================================================================================================================================
19		0		66		1		4		1			1			0				"Thunderbolt"					135		116			135			45			90			0				72				300			119			24				0			0			0				0		0	0	0	0	3	0	0
20		0		19		2		3		1			1			0				"Horn of Steal"					66		80			110			35			72			0				0				300			130			0				0			0			0				0		0	3	0	0	0	0	0
22      0       56      1       2       1           1           1               "Mace Of King"                  133     91          99          35          90          0               0                 0          53            176            0           0             0               0         2     2    0    2    2    2    0
23      0       56      1       2       1           1           1               "Mace Of King-V1"               183     171         199          35          90          0               0                 0          53            176            0           0             0               0         2     2    0    2    2    2    0
24      0       56      1       2       1           1           1               "Mace Of King-V2"               233     161         199         35          90          0               0                 0          53            176            0           0             0               0         2     2    0    2    2    2    0
//Type	Slot	Skill	Width	Height	HaveSerial	HaveOption	DropItem		Name							Level	DamageMin	DamageMax	AttackSpeed	Durability	MagicDurability	MagicDamageRate	ReqLevel	ReqStrength	ReqDexterity	ReqEnergy	ReqVitality	ReqLeadership	None	DW	DK	FE	MG	DL	SU	RF
25		0		66		1		4		1			1			0				"Blessed Divine Scepter"		150		200			223			45			90			0				138				300			75			16				0			0			0				0		0	0	0	0	3	0	0
26		0		0		1		3		1			1			0				"Blessed Divine Mace"			121		106			146			50			80			0				0				300			27			19				0			0			0				0		0	0	3	0	0	0	0
27		0		66		1		4		1			1			0				"Blood Angel Scepter"			150		150			160			45			90			0				138				300			75			16				0			0			0				0		0	0	0	0	3	0	0
28		0		0		1		3		1			1			0				"Blood Angel Mace"				121		106			146			50			80			0				0				300			27			19				0			0			0				0		0	0	3	0	0	0	0
29		0		66		1		4		1			1			0				"Dark Angel Scepter"			150		152			162			45			90			0				138				300			75			16				0			0			0				0		0	0	0	0	3	0	0
30		0		0		1		3		1			1			0				"Dark Angel Mace"				121		108			148			50			80			0				0				300			27			19				0			0			0				0		0	0	3	0	0	0	0
31		0		66		1		4		1			1			0				"Holy Angel Scepter"			150		154			164			45			90			0				138				300			75			16				0			0			0				0		0	0	0	0	3	0	0
32		0		0		1		3		1			1			0				"Holy Angel Mace"				121		110			150			50			80			0				0				300			27			19				0			0			0				0		0	0	3	0	0	0	0
33		0		66		1		4		1			1			0				"Awakening Scepter"				150		156			166			45			90			0				138				300			75			16				0			0			0				0		0	0	0	0	3	0	0
34		0		0		1		3		1			1			0				"Awakening Mace"				121		112			152			50			80			0				0				300			27			19				0			0			0				0		0	0	3	0	0	0	0
35		0		66		1		4		1			1			0				"BlueEyes Scepter"				150		158			168			45			90			0				138				300			75			16				0			0			0				0		0	0	0	0	3	0	0
36		0		0		1		3		1			1			0				"BlueEyes Mace"					121		114			154			50			80			0				0				300			27			19				0			0			0				0		0	0	3	0	0	0	0
37		0		66		1		4		1			1			0				"SilverHeart Scepter"			150		160			170			45			90			0				138				300			75			16				0			0			0				0		0	0	0	0	3	0	0
38		0		0		1		3		1			1			0				"SilverHeart Mace"				121		116			156			50			80			0				0				300			27			19				0			0			0				0		0	0	3	0	0	0	0
39		0		66		1		4		1			1			0				"Manticore Scepter"				150		162			172			45			90			0				138				300			75			16				0			0			0				0		0	0	0	0	3	0	0
40		0		0		1		3		1			1			0				"Manticore Mace"				121		118			158			50			80			0				0				300			27			19				0			0			0				0		0	0	3	0	0	0	0
41		0		66		1		4		1			1			0				"Brilliant Scepter"				150		164			174			45			90			0				138				300			75			16				0			0			0				0		0	0	0	0	3	0	0
42		0		0		1		3		1			1			0				"Brilliant Mace"				121		120			160			50			80			0				0				300			27			19				0			0			0				0		0	0	3	0	0	0	0
43		0		66		1		4		1			1			0				"Apocalypse Scepter"			150		166			176			45			90			0				138				300			75			16				0			0			0				0		0	0	0	0	3	0	0
44		0		0		1		3		1			1			0				"Apocalypse Mace"				121		122			162			50			80			0				0				300			27			19				0			0			0				0		0	0	3	0	0	0	0
45		0		66		1		4		1			1			0				"Lightning Scepter"				150		166			176			45			90			0				138				300			75			16				0			0			0				0		0	0	0	0	3	0	0
46		0		0		1		3		1			1			0				"Lightning Mace"				121		122			162			50			80			0				0				300			27			19				0			0			0				0		0	0	3	0	0	0	0
end

3
//====================================================================================================================================================================================================================================================================================================================================================
//Type   Slot   Skill   Width   Height   HaveSerial   HaveOption   DropItem   Name                                 Level   DamageMin   DamageMax   AttackSpeed   Durability   MagicDurability   MagicDamageRate   ReqLevel   ReqStrength   ReqDexterity   ReqEnergy   ReqVitality   ReqLeadership   SetAttr   DW   DK   FE   MG   DL   SU   RF
//====================================================================================================================================================================================================================================================================================================================================================
0        0      22      1       4        1            1            1          "Light Spear"                        42      50          63          25            56           0                 0                 0          60            70             0           0             0               0      0       1       1       1       0       0       0
1        0      0       1       4        1            1            1          "Spear"                              23      30          41          30            42           0                 0                 0          70            50             0           0             0               0      0       1       1       1       0       0       0
2        0      0       1       4        1            1            1          "Dragon Lance"                       15      21          33          30            34           0                 0                 0          70            50             0           0             0               0      0       1       1       1       0       0       0
3        0      0       1       4        1            1            1          "Giant Trident"                      29      35          43          25            44           0                 0                 0          90            30             0           0             0               0      0       1       1       1       0       0       0
4        0      20      1       4        1            1            1          "Serpent Spear"                      46      58          80          20            58           0                 0                 0          90            30             0           0             0               0      0       1       1       1       0       0       0
5        0      0       1       4        1            1            1          "Double Poleaxe"                     13      19          31          30            38           0                 0                 0          70            50             0           0             0               0      0       1       1       1       0       0       0
6        0      0       1       4        1            1            1          "Halberd"                            19      25          35          30            40           0                 0                 0          70            50             0           0             0               0      0       1       1       1       0       0       0
7        0      22      1       4        1            1            1          "Berdysh"                            37      42          54          30            54           0                 0                 0          80            50             0           0             0               0      0       1       1       1       0       0       0
8        0      22      1       4        1            1            1          "Great Scythe"                       54      71          92          25            68           0                 0                 0          90            50             0           0             0               0      0       1       1       1       0       0       0
9        0      22      1       4        1            1            1          "Bill of Balrog"                     63      76          102         25            74           0                 0                 0          80            50             0           0             0               0      0       1       1       1       0       0       0
10       0      22      1       4        1            1            1          "Dragon Spear"                       92      112         140         35            85           0                 0                 0          170           60             0           0             0               0      0       2       0       0       0       0       0
11       0      22      1       4        1            1            1          "Brova"                              147     190         226         40            90           0                 0                 0          152           25             0           0             0               0      0       2       0       1       0       0       0
//====================================================================================================================================================================================================================================================================================================================================================
//Type   Slot   Skill   Width   Height   HaveSerial   HaveOption   DropItem   Name                                 Level   DamageMin   DamageMax   AttackSpeed   Durability   MagicDurability   MagicDamageRate   ReqLevel   ReqStrength   ReqDexterity   ReqEnergy   ReqVitality   ReqLeadership   SetAttr   DW   DK   FE   MG   DL   SU   RF
//====================================================================================================================================================================================================================================================================================================================================================
51		0		22		2		4		1			 1				0		   "Magnus Spear"						147		192			230			45			90			0				0				300			152			25				0			0			0			0		0	3	0	0	0	0	0
52		0		22		2		4		1			 1				0		   "Blessed Divine Lancer"				147		200			230			45			90			0				0				300			152			25				0			0			0			0		0	3	0	0	3	3	0
53		0		22		2		4		1			 1				0		   "Blood Angel Lancer"					147		150			190			45			90			0				0				300			152			25				0			0			0			0		0	3	0	0	3	3	0
54		0		22		2		4		1			 1				0		   "Dark Angel Lancer"					147		152			192			45			90			0				0				300			152			25				0			0			0			0		0	3	0	0	3	3	0
55		0		22		2		4		1			 1				0		   "Holy Angel Lancer"					147		154			194			45			90			0				0				300			152			25				0			0			0			0		0	3	0	0	3	3	0
56		0		22		2		4		1			 1				0		   "Awakening Lancer"					147		156			196			45			90			0				0				300			152			25				0			0			0			0		0	3	0	0	3	3	0
57		0		22		2		4		1			 1				0		   "BlueEyes Lancer"					147		158			198			45			90			0				0				300			152			25				0			0			0			0		0	3	0	0	3	3	0
58		0		22		2		4		1			 1				0		   "SilverHeart Lancer"					147		160			200			45			90			0				0				300			152			25				0			0			0			0		0	3	0	0	3	3	0
59		0		22		2		4		1			 1				0		   "Manticore Lancer"					147		162			202			45			90			0				0				300			152			25				0			0			0			0		0	3	0	0	3	3	0
60		0		22		2		4		1			 1				0		   "Brilliant Lancer"					147		164			204			45			90			0				0				300			152			25				0			0			0			0		0	3	0	0	3	3	0
61		0		22		2		4		1			 1				0		   "Apocalypse Lancer"					147		166			206			45			90			0				0				300			152			25				0			0			0			0		0	3	0	0	3	3	0
62		0		22		2		4		1			 1				0		   "Lightning Lancer"					147		166			206			45			90			0				0				300			152			25				0			0			0			0		0	3	0	0	3	3	0
end

4
//====================================================================================================================================================================================================================================================================================================================================================
//Type   Slot   Skill   Width   Height   HaveSerial   HaveOption   DropItem   Name                                 Level   DamageMin   DamageMax   AttackSpeed   Durability   MagicDurability   MagicDamageRate   ReqLevel   ReqStrength   ReqDexterity   ReqEnergy   ReqVitality   ReqLeadership   SetAttr   DW   DK   FE   MG   DL   SU   RF
//====================================================================================================================================================================================================================================================================================================================================================
0        1      24      2       3        1            1            1          "Short Bow"                          2       3           5           30            20           0                 0                 0          20            80             0           0             0               0      0       0       1       0       0       0       0
1        1      24      2       4        1            1            0          "Bow"                                8       9           13          30            24           0                 0                 0          30            90             0           0             0               0      0       0       1       0       0       0       0
2        1      24      2       3        1            1            1          "Elven Bow"                          16      17          24          30            28           0                 0                 0          30            90             0           0             0               0      0       0       1       0       0       0       0
3        1      24      2       3        1            1            1          "Battle Bow"                         26      28          37          30            36           0                 0                 0          30            90             0           0             0               0      0       0       1       0       0       0       0
4        1      24      2       4        1            1            1          "Tiger Bow"                          40      42          52          30            43           0                 0                 0          30            100            0           0             0               0      0       0       1       0       0       0       0
5        1      24      2       4        1            1            1          "Silver Bow"                         56      59          71          40            48           0                 0                 0          30            100            0           0             0               0      0       0       1       0       0       0       0
6        1      24      2       4        1            1            0          "Chaos Nature Bow"                   75      88          106         35            68           0                 0                 0          40            150            0           0             0               0      0       0       1       0       0       0       0
7        1      0       1       1        0            0            0          "Bolt"                               0       0           0           0             255          0                 0                 0          0             0              0           0             0               0      0       0       1       0       0       0       0
8        0      24      2       2        1            1            0          "Crossbow"                     	   4       5           8           40            22           0                 0                 0          20            90             0           0             0               0      0       0       1       0       0       0       0
9        0      24      2       2        1            1            1          "Golden Crossbow"                    12      13          19          40            26           0                 0                 0          30            90             0           0             0               0      0       0       1       0       0       0       0
10       0      24      2       2        1            1            1          "Arquebus"                           20      22          30          40            31           0                 0                 0          30            90             0           0             0               0      0       0       1       0       0       0       0
11       0      24      2       3        1            1            1          "Light Crossbow"                     32      35          44          40            40           0                 0                 0          30            90             0           0             0               0      0       0       1       0       0       0       0
12       0      24      2       3        1            1            1          "Serpent Crossbow"                   48      50          61          40            45           0                 0                 0          30            100            0           0             0               0      0       0       1       0       0       0       0
13       0      24      2       3        1            1            1          "Bluewing Crossbow"                  68      68          82          40            56           0                 0                 0          40            110            0           0             0               0      0       0       1       0       0       0       0
14       0      24      2       3        1            1            1          "Aquagold Crossbow"                  72      78          92          30            60           0                 0                 0          50            130            0           0             0               0      0       0       1       0       0       0       0
15       0      0       1       1        0            0            0          "Arrow"                              0       0           0           0             255          0                 0                 0          0             0              0           0             0               0      0       0       1       0       0       0       0
16       0      24      2       4        1            1            1          "Saint Crossbow"                     84      102         127         35            72           0                 0                 0          50            160            0           0             0               0      0       0       1       0       0       0       0
17       1      24      2       4        1            1            1          "Celestial Bow"                      92      127         155         35            76           0                 0                 0          54            198            0           0             0               0      0       0       1       0       0       0       0
18       0      24      2       3        1            1            1          "Divine Crossbow of Archangel"       100     224         246         45            200          0                 0                 0          40            110            0           0             0               0      0       0       1       0       0       0       0
19       0      24      2       3        1            1            1          "Great Reign Crossbow"               100     150         172         40            80           0                 0                 0          61            285            0           0             0               0      0       0       1       0       0       0       0
20       1      24      2       4        1            1            1          "Arrow Viper Bow"                    135     166         190         45            86           0                 0                 0          52            245            0           0             0               0      0       0       1       0       0       0       0
21       1      24      2       4        1            1            1          "Sylph Wind Bow"                     147     177         200         45            93           0                 0                 0          46            210            0           0             0               0      0       0       1       0       0       0       0
22       1      24      2       4        1            1            1          "Albatross Bow"                      110     155         177         45            70           0                 0                 0          60            265            0           0             0               0      0       0       1       0       0       0       0
23       1      24      2       4        1            1            1          "Dark Stinger"                       134     162         184         45            80           0                 0                 0          32            209            0           0             0               0      0       0       1       0       0       0       0
24       1      24      2       4        1            1            1          "Aileen Bow"                         147     170         194         45            88           0                 0                 0          49            226            0           0             0               0      0       0       1       0       0       0       0
//====================================================================================================================================================================================================================================================================================================================================================
//Type   Slot   Skill   Width   Height   HaveSerial   HaveOption   DropItem   Name                                 Level   DamageMin   DamageMax   AttackSpeed   Durability   MagicDurability   MagicDamageRate   ReqLevel   ReqStrength   ReqDexterity   ReqEnergy   ReqVitality   ReqLeadership   SetAttr   DW   DK   FE   MG   DL   SU   RF
//====================================================================================================================================================================================================================================================================================================================================================
30		1		24		2		4		 1			 1			   0		  "Angelic Bow"						147		172			196			47			88			0				0				300			49			226				0			0			0				0		0	0	3	0	0	0	0
31		0		24		2		3		 1			 1			   0		  "Devil Crossbow"					100		152			174			45			80			0				0				300			61			285				0			0			0				0		0	0	3	0	0	0	0
//Type	Slot	Skill	Width	Height	 HaveSerial	 HaveOption	   DropItem	Name								Level	DamageMin	DamageMax	AttackSpeed	Durability	MagicDurability	MagicDamageRate	ReqLevel	ReqStrength	ReqDexterity	ReqEnergy	ReqVitality	ReqLeadership	None	DW	DK	FE	MG	DL	SU	RF
32		0		24		2		3		 1			 1			   0		  "Blessed Divine CrossBow"			100		224			246			45			200			0				0				300			40			110				0			0			0				0		0	0	3	0	0	0	0
33		1		24		2		4		 1			 1			   0		  "Blood Angel Bow"					147		172			196			47			88			0				0				300			49			226				0			0			0				0		0	0	3	0	0	0	0
34		1		24		2		4		 1			 1			   0		  "Dark Angel Bow"					147		174			198			47			88			0				0				300			49			226				0			0			0				0		0	0	3	0	0	0	0
35		1		24		2		4		 1			 1			   0		  "Holy Angel Bow"					147		176			200			47			88			0				0				300			49			226				0			0			0				0		0	0	3	0	0	0	0
36		1		24		2		4		 1			 1			   0		  "Awakening Bow"					147		178			202			47			88			0				0				300			49			226				0			0			0				0		0	0	3	0	0	0	0
37		1		24		2		4		 1			 1			   0		  "BlueEyes Bow"					147		180			204			47			88			0				0				300			49			226				0			0			0				0		0	0	3	0	0	0	0
38		1		24		2		4		 1			 1			   0		  "SilverHeart Bow"					147		182			206			47			88			0				0				300			49			226				0			0			0				0		0	0	3	0	0	0	0
39		1		24		2		4		 1			 1			   0		  "Manticore Bow"					147		184			208			47			88			0				0				300			49			226				0			0			0				0		0	0	3	0	0	0	0
40		1		24		2		4		 1			 1			   0		  "Brilliant Bow"					147		186			210			47			88			0				0				300			49			226				0			0			0				0		0	0	3	0	0	0	0
41		1		24		2		4		 1			 1			   0		  "Apocalypse Bow"					147		188			212			47			88			0				0				300			49			226				0			0			0				0		0	0	3	0	0	0	0
42		1		24		2		4		 1			 1			   0		  "Lightning Bow"					147		188			212			47			88			0				0				300			49			226				0			0			0				0		0	0	3	0	0	0	0
end

5
//====================================================================================================================================================================================================================================================================================================================================================
//Type   Slot   Skill   Width   Height   HaveSerial   HaveOption   DropItem   Name                                 Level   DamageMin   DamageMax   AttackSpeed   Durability   MagicDurability   MagicDamageRate   ReqLevel   ReqStrength   ReqDexterity   ReqEnergy   ReqVitality   ReqLeadership   SetAttr   DW   DK   FE   MG   DL   SU   RF
//====================================================================================================================================================================================================================================================================================================================================================
0        0      0       1       3        1            1            1          "Skull Staff"                        6       3           4           20            0            20                6                 0          40            0              0           0             0               0      1       0       0       1       0       1       0
1        0      0       1       3        1            1            1          "Angelic Staff"                      18      10          12          25            0            38                20                0          50            0              0           0             0               0      1       0       0       1       0       0       0
2        0      0       1       3        1            1            1          "Serpent Staff"                      30      17          18          25            0            50                34                0          50            0              0           0             0               0      1       0       0       1       0       0       0
3        0      0       1       4        1            1            1          "Thunder Staff"                      42      23          25          25            0            60                46                0          40            10             0           0             0               0      1       0       0       1       0       0       0
4        0      0       1       4        1            1            1          "Gorgon Staff"                       52      29          32          25            0            65                58                0          50            0              0           0             0               0      1       0       0       1       0       0       0
5        0      0       1       4        1            1            1          "Legendary Staff"                    59      29          31          25            0            66                59                0          50            0              0           0             0               0      1       0       0       1       0       0       0
6        0      0       1       4        1            1            1          "Staff of Resurrection"              70      35          39          25            0            70                70                0          60            10             0           0             0               0      1       0       0       1       0       0       0
7        0      0       1       4        1            1            0          "Chaos Lighting Staff"               75      47          48          30            0            70                94                0          60            10             0           0             0               0      1       0       0       1       0       0       0
8        0      0       1       4        1            1            1          "Staff of Destruction"               90      50          54          30            0            85                101               0          60            10             0           0             0               0      1       0       0       1       0       0       0
9        0      0       1       4        1            1            1          "Dragon Soul Staff"                  100     46          48          30            0            91                92                0          52            16             0           0             0               0      1       0       0       0       0       0       0
10       0      0       1       4        1            1            1          "Divine Staff of Archangel"          104     153         165         30            0            182               156               0          36            4              0           0             0               0      1       0       0       1       0       0       0
11       0      0       1       4        1            1            1          "Staff of Kundun"                    140     55          61          30            0            95                110               0          45            16             0           0             0               0      1       0       0       1       0       0       0
12       0      0       1       4        1            1            1          "Grand Viper Staff"                  147     66          74          30            0            100               130               0          39            13             0           0             0               0      1       0       0       0       0       0       0
13       0      0       1       4        1            1            1          "Platina Staff"                      110     51          53          30            0            78                120               0          50            16             0           0             0               0      1       0       0       0       0       0       0
14       0      0       1       4        1            1            1          "Mystery Stick"                      28      17          18          25            0            50                34                0          34            14             0           0             0               0      0       0       0       0       0       1       0
15       0      0       1       4        1            1            1          "Violent Wind Stick"                 42      23          25          25            0            60                46                0          33            17             0           0             0               0      0       0       0       0       0       1       0
16       0      0       1       4        1            1            1          "Red Wing Stick"                     59      29          31          25            0            65                59                0          36            14             0           0             0               0      0       0       0       0       0       1       0
17       0      0       1       4        1            1            1          "Ancient Stick"                      78      38          40          25            0            81                76                0          50            19             0           0             0               0      0       0       0       0       0       1       0
18       0      0       1       4        1            1            1          "Demonic Stick"                      100     46          48          30            0            91                92                0          54            15             0           0             0               0      0       0       0       0       0       1       0
19       0      0       1       4        1            1            1          "Storm Blitz Stick"                  110     51          53          30            0            95                110               0          64            15             0           0             0               0      0       0       0       0       0       1       0
20       0      0       1       4        1            1            1          "Eternal Wing Stick"                 120     75          81          30            0            95                110               0          64            15             0           0             0               0      0       0       0       0       0       1       0
21       1      223     1       2        1            1            1          "Book of Samut"                      52      0           0           25            0            60                46                0          0             20             135         0             0               0      0       0       0       0       0       1       0
22       1      224     1       2        1            1            1          "Book of Neil"                       59      0           0           25            0            65                59                0          0             25             168         0             0               0      0       0       0       0       0       1       0
23       1      225     1       2        1            1            1          "Book of Lagle"                      65      0           0           25            0            50                72                0          0             30             201         0             0               0      0       0       0       0       0       1       0
24       1      225     1       2        1            1            0          "Book of Bloodangel"                 150     0           0           50            0            150               149               0          0             30             130         0             0               0      0       0       0       0       0       1       0
25       1      225     1       2        1            1            0          "Book of Darkangel"                  160     0           0           50            0            150               170               0          0             29             125         0             0               0      0       0       0       0       0       1       0
26       1      225     1       2        1            1            0          "Book of Holyangel"                  180     0           0           50            0            150               192               0          0             27             115         0             0               0      0       0       0       0       0       1       0
27       1      225     1       2        1            1            0          "Book of Soul"                       200     0           0           50            0            150               215               0          0             25             107         0             0               0      0       0       0       0       0       1       0
28       1      225     1       2        1            1            0          "Blue Eye Book"                      220     0           0           50            0            150               238               0          0             13             53          0             0               0      0       0       0       0       0       1       0
29       1      225     1       2        1            1            0          "Silver Heart Book"                  240 	   0 	       0 		   50 			 0 		      150 				258 			  0   	     0 			   118 			  380 	      0 		    0			    0 	   0 	   0 	   0 	   0 	   0 	   1 	   0 
30       0      0       1       4        1            1            1          "Deadly Staff"                       138     57          59          30            0            91                126               0          47            18             0           0             0               0      0       0       0       1       0       0       0
31       0      0       1       4        1            1            1          "Inberial Staff"                     137     57          61          30            0            182               124               0          48            14             0           0             0               0      1       0       0       0       0       0       0
32       0      0       1       4        1            1            1          "Merlin Staff"                       120     71          79          30            0            95                110               0          64            15             0           0             0               0      1       0       0       0       0       1       0
33       0      0       1       4        1            1            1          "Chromatic Staff"                    147     55          57          30            0            78                124               0          50            12             0           0             0               0      1       0       0       1       0       0       0
34       0      0       1       4        1            1            1          "Raven Stick"                        147     70          78          30            0            98                130               0          50            14             0           0             0               0      0       0       0       0       0       1       0
35       0      0       1       4        1            1            1          "Miracle Staff"                      149     67          69          30            0            80                130               0          46            13             0           0             0               0      1       0       0       1       0       0       0
36		 0		0		1		4		 0	     	  0	           1	      "Divine Stick of Archangel"	  	   104	   153	       165	 	   30	         0            182        	    146	    	      0          55	           13	          0           0	            0	            0	   0	   0	   0	   0	   0	   1	   0
//====================================================================================================================================================================================================================================================================================================================================================
//Type   Slot   Skill   Width   Height   HaveSerial   HaveOption   DropItem   Name                                 Level   DamageMin   DamageMax   AttackSpeed   Durability   MagicDurability   MagicDamageRate   ReqLevel   ReqStrength   ReqDexterity   ReqEnergy   ReqVitality   ReqLeadership   SetAttr   DW   DK   FE   MG   DL   SU   RF
//====================================================================================================================================================================================================================================================================================================================================================
41		0		0		1		4		 1			  1			   0			"Spite Staff"						137		60 			64			35			0			182				124				300			48			14				0			0			0				0		3	0	0	0	0	0	0
42		0		0		1		4		 1			  1			   0			"Miracle Staff"						137		62 			65			35			0			182				124				300			48			14				0			0			0				0		3	0	0	0	0	0	0
43		0		0		1		4		 1			  1			   0			"Blessed Divine Staff"				104		153			165			30			0			182				156				300			36			4				0			0			0				0		3	0	0	0	0	0	0
44		0		0		1		4		 1			  1			   0			"Blood Angel Staff"					137		62 			65			35			0			182				124				300			48			14				0			0			0				0		3	0	0	0	0	0	0
45		0		0		1		4		 1			  1			   0			"Dark Angel Staff"					137		64 			67			35			0			182				124				300			48			14				0			0			0				0		3	1	0	0	0	0	0
46		0		0		1		4		 1			  1			   0			"Holy Angel Staff"					137		66 			69			35			0			182				124				300			48			14				0			0			0				0		3	0	0	0	0	0	0
47		0		0		1		4		 1			  1			   0			"Awakening Staff"					137		66 			69			35			0			182				124				300			48			14				0			0			0				0		3	0	0	0	0	0	0
48		0		0		1		4		 1			  1			   0			"BlueEyes Staff"					137		68 			71			35			0			182				124				300			48			14				0			0			0				0		3	0	0	0	0	0	0
49		0		0		1		4		 1			  1			   0			"SilverHeart Staff"					137		70 			73			35			0			182				124				300			48			14				0			0			0				0		3	0	0	0	0	0	0
50		0		0		1		4		 1			  1			   0			"Manticore Staff"					137		72 			75			35			0			182				124				300			48			14				0			0			0				0		3	0	0	0	0	0	0
51		0		0		1		4		 1			  1			   0			"Brilliant Staff"					137		74 			77			35			0			182				124				300			48			14				0			0			0				0		3	0	0	0	0	0	0
52		0		0		1		4		 1			  1			   0			"Apocalypse Staff"					137		76 			79			35			0			182				124				300			48			14				0			0			0				0		3	0	0	0	0	0	0
53		0		0		1		4		 1			  1			   0			"Lightning Staff"					137		76 			79			35			0			182				124				300			48			14				0			0			0				0		3	0	0	0	0	0	0
//Type	Slot	Skill	Width	Height	 HaveSerial	  HaveOption   DropItem		Name								Level	DamageMin	DamageMax	AttackSpeed	Durability	MagicDurability	MagicDamageRate	ReqLevel	ReqStrength	ReqDexterity	ReqEnergy	ReqVitality	ReqLeadership	None	DW	DK	FE	MG	DL	SU	RF
100		0		0		1		4		 1			  1			   0			"Summon Spirit Stick"				147		72			80			35			0			98				130				300			50			14				0			0			0				0		0	0	0	0	0	3	0
101		0		0		1		4		 1			  1			   0			"Blessed Divine Stick"				104		153			165			30			0			182				146				300			55			13				0			0			0				0		0	0	0	0	0	3	0
102		0		0		1		4		 1			  1			   0			"Blood Angel Stick"					147		72			80			35			0			98				130				300			50			14				0			0			0				0		0	0	0	0	0	3	0
103		0		0		1		4		 1			  1			   0			"Dark Angel Stick"					147		74			82			35			0			98				130				300			50			14				0			0			0				0		0	0	0	0	0	3	0
104		0		0		1		4		 1			  1			   0			"Holy Angel Stick"					147		76			84			35			0			98				130				300			50			14				0			0			0				0		0	0	0	0	0	3	0
105		0		0		1		4		 1			  1			   0			"Awakening Stick"					147		78			86			35			0			98				130				300			50			14				0			0			0				0		0	0	0	0	0	3	0
106		0		0		1		4		 1			  1			   0			"BlueEyes Stick"					147		80			88			35			0			98				130				300			50			14				0			0			0				0		0	0	0	0	0	3	0
107		0		0		1		4		 1			  1			   0			"SilverHeart Stick"					147		82			90			35			0			98				130				300			50			14				0			0			0				0		0	0	0	0	0	3	0
108		0		0		1		4		 1			  1			   0			"Manticore Stick"					147		84			92			35			0			98				130				300			50			14				0			0			0				0		0	0	0	0	0	3	0
109		0		0		1		4		 1			  1			   0			"Brilliant Stick"					147		86			94			35			0			98				130				300			50			14				0			0			0				0		0	0	0	0	0	3	0
110		0		0		1		4		 1			  1			   0			"Apocalypse Stick"					147		88			96			35			0			98				130				300			50			14				0			0			0				0		0	0	0	0	0	3	0
111		0		0		1		4		 1			  1			   0			"Lightning Stick"					147		88			96			35			0			98				130				300			50			14				0			0			0				0		0	0	0	0	0	3	0
end

6
//========================================================================================================================================================================================================================================================================================================
//Type   Slot   Skill   Width   Height   HaveSerial   HaveOption   DropItem   Name                                 Level   Defense   DefenseSuccessRate   Durability   ReqLevel   ReqStrength   ReqDexterity   ReqEnergy   ReqVitality   ReqLeadership   SetAttr   DW   DK   FE   MG   DL   SU   RF
//========================================================================================================================================================================================================================================================================================================
0        1      0       2       2        1            1            1          "Small Shield"                       3       1         3                    22           0          70            0              0           0             0               0      1       1       1       1       1       0       0
1        1      0       2       2        1            1            1          "Horn Shield"                        9       3         9                    28           0          100           0              0           0             0               0      0       1       0       1       1       0       0
2        1      0       2       2        1            1            1          "Kite Shield"                        12      4         12                   32           0          110           0              0           0             0               0      0       1       0       1       1       0       0
3        1      0       2       2        1            1            1          "Elven Shield"                       21      8         21                   36           0          30            100            0           0             0               0      0       0       1       0       0       0       0
4        1      18      2       2        1            1            1          "Buckler"                            6       2         6                    24           0          80            0              0           0             0               0      1       1       1       1       1       0       0
5        1      18      2       2        1            1            1          "Dragon Slayer Shield"               35      10        36                   44           0          100           40             0           0             0               0      0       1       0       1       1       0       0
6        1      18      2       2        1            1            1          "Skull Shield"                       15      5         15                   34           0          110           0              0           0             0               0      1       1       1       1       1       0       0
7        1      18      2       2        1            1            1          "Spiked Shield"                      30      9         30                   40           0          130           0              0           0             0               0      0       1       0       1       1       0       0
8        1      18      2       2        1            1            1          "Tower Shield"                       40      11        40                   46           0          130           0              0           0             0               0      0       1       1       1       1       0       0
9        1      18      2       2        1            1            1          "Plate Shield"                       25      8         25                   38           0          120           0              0           0             0               0      0       1       0       1       1       0       0
10       1      18      2       2        1            1            1          "Large Round Shield"                 18      6         18                   35           0          120           0              0           0             0               0      0       1       0       1       1       0       0
11       1      18      2       2        1            1            1          "Serpent Shield"                     45      12        45                   48           0          130           0              0           0             0               0      0       1       1       1       1       0       0
12       1      18      2       2        1            1            1          "Bronze Shield"                      54      13        54                   52           0          140           0              0           0             0               0      0       1       0       1       0       0       0
13       1      18      2       2        1            1            1          "Dragon Shield"                      60      14        60                   60           0          120           40             0           0             0               0      0       1       0       1       0       0       0
14       1      0       2       3        1            1            1          "Legendary Shield"                   48      7         48                   50           0          90            25             0           0             0               0      1       0       1       1       0       0       0
15       1      0       2       3        1            1            1          "Grand Soul Shield"                  74      12        55                   55           0          70            23             0           0             0               0      1       0       0       0       0       0       0
16       1      0       2       2        1            1            1          "Elemental Shield"                   66      11        28                   51           0          30            60             30          0             0               0      0       0       1       0       0       0       0
17       1      18      2       2        1            1            1          "Crimson Glory"                      104     19        90                   51           0          95            48             0           0             0               0      0       1       0       0       0       0       0
18       1      18      2       2        1            1            1          "Salamander Shield"                  102     20        96                   51           0          80            61             0           0             0               0      0       0       0       1       0       0       0
19       1      0       2       2        1            1            1          "Frost Barrier"                      99      14        58                   51           0          26            53             26          0             0               0      0       0       1       0       0       0       0
20       1      18      2       2        1            1            1          "Guardian Shield"                    106     12        30                   51           0          54            18             0           0             0               0      1       0       0       0       0       0       0
21       1      18      2       2        1            1            1          "Cross Shield"                       70      16        75                   65           0          140           55             0           0             0               0      0       0       0       0       1       0       0
//========================================================================================================================================================================================================================================================================================================
//Type   Slot   Skill   Width   Height   HaveSerial   HaveOption   DropItem   Name                                 Level   Defense   DefenseSuccessRate   Durability   ReqLevel   ReqStrength   ReqDexterity   ReqEnergy   ReqVitality   ReqLeadership   SetAttr   DW   DK   FE   MG   DL   SU   RF
//========================================================================================================================================================================================================================================================================================================
22       1      18      2       2        1            1            1          "Alacran Shield"                       70      16        75                   65           0          140           55             0           0             0               0       1     1    0     1  1     1       0
23       1      18      2       2        1            1            1          "Ambition Shield"                      70      16        75                   65           0          140           55             0           0             0               0       1     1    0     1  1     1       0
//
30		1		18		2		2		1			1			0			"Lazy Wind Shield"					104		19		90					51			300			95			48				0			0			0				0		0	3	0	0	0	0	0
31		1		18		2		2		1			1			0			"Light Lord Shield"					99		14		58					51			300			26			53				26			0			0				0		0	0	3	0	0	0	0
32		1		18		2		2		1			1			0			"Dark Devil Shield"					106		12		30					51			300			54			18				0			0			0				0		3	0	0	0	0	0	0
33		1		18		2		2		1			1			0			"Magic Knight Shield"				102		20		96					51			300			80			61				0			0			0				0		0	0	0	3	0	0	0
34		1		18		2		2		1			1			0			"Ambition Shield"					70		16		75					65			300			140			55				0			0			0				0		0	0	0	0	3	0	0
//Type	Slot	Skill	Width	Height	HaveSerial	HaveOption	DropItem	Name								Level	Defense	DefenseSuccessRate	Durability	ReqLevel	ReqStrength	ReqDexterity	ReqEnergy	ReqVitality	ReqLeadership	None	DW	DK	FE	MG	DL	SU	RF
35		1		18		2		2		1			1			0			"Blood Angel Shield"				104		19		90					51			300			95			48				0			0			0				0		3	3	0	3	3	0	0
36		1		18		2		2		1			1			0			"Dark Angel Shield"					104		20		90					51			300			95			48				0			0			0				0		3	3	0	3	3	0	0
37		1		18		2		2		1			1			0			"Holy Angel Shield"					104		21		90					51			300			95			48				0			0			0				0		3	3	0	3	3	0	0
38		1		18		2		2		1			1			0			"Awakening Shield"					104		22		90					51			300			95			48				0			0			0				0		3	3	0	3	3	0	0
39		1		18		2		2		1			1			0			"Blue Eyes Shield"					104		23		90					51			300			95			48				0			0			0				0		3	3	0	3	3	0	0
40		1		18		2		2		1			1			0			"Silver Heart Shield"				104		24		90					51			300			95			48				0			0			0				0		3	3	0	3	3	0	0
41		1		18		2		2		1			1			0			"Manticore Shield"					104		25		90					51			300			95			48				0			0			0				0		3	3	0	3	3	0	0
42		1		18		2		2		1			1			0			"Brilliant Shield"					104		26		90					51			300			95			48				0			0			0				0		3	3	0	3	3	0	0
43		1		18		2		2		1			1			0			"Apocalypse Shield"					104		27		90					51			300			95			48				0			0			0				0		3	3	0	3	3	0	0
44		1		18		2		2		1			1			0			"Lightning Shield"					104		27		90					51			300			95			48				0			0			0				0		3	3	0	3	3	0	0
//Type	Slot	Skill	Width	Height	HaveSerial	HaveOption	DropItem	Name								Level	Defense	DefenseSuccessRate	Durability	ReqLevel	ReqStrength	ReqDexterity	ReqEnergy	ReqVitality	ReqLeadership	None	DW	DK	FE	MG	DL	SU	RF
50		1		18		2		2		1			1			0			"Blood Angel Shield Elf"			99		14		50					51			300			26			53				26			0			0				0		0	0	3	0	0	0	0
51		1		18		2		2		1			1			0			"Dark Angel Shield Elf"				99		15		51					51			300			26			53				26			0			0				0		0	0	3	0	0	0	0
52		1		18		2		2		1			1			0			"Holy Angel Shield Elf"				99		16		52					51			300			26			53				26			0			0				0		0	0	3	0	0	0	0
53		1		18		2		2		1			1			0			"Awakening Shield Elf"				99		17		53					51			300			26			53				26			0			0				0		0	0	3	0	0	0	0
54		1		18		2		2		1			1			0			"Blue Eyes Shield Elf"				99		18		54					51			300			26			53				26			0			0				0		0	0	3	0	0	0	0
55		1		18		2		2		1			1			0			"Silver Heart Shield Elf"			99		19		55					51			300			26			53				26			0			0				0		0	0	3	0	0	0	0
56		1		18		2		2		1			1			0			"Manticore Shield Elf"				99		20		56					51			300			26			53				26			0			0				0		0	0	3	0	0	0	0
57		1		18		2		2		1			1			0			"Brilliant Shield Elf"				99		21		57					51			300			26			53				26			0			0				0		0	0	3	0	0	0	0
58		1		18		2		2		1			1			0			"Apocalypse Shield Elf"				99		22		58					51			300			26			53				26			0			0				0		0	0	3	0	0	0	0
59		1		18		2		2		1			1			0			"Lightning Shield Elf"				99		22		58					51			300			26			53				26			0			0				0		0	0	3	0	0	0	0
end


7
//Type   Slot   Skill   Width   Height   HaveSerial   HaveOption   DropItem   Name                                 Level   Defense   MagicDefense   Durability   ReqLevel   ReqStrength   ReqDexterity   ReqEnergy   ReqVitality   ReqLeadership   None   DW      DK      FE      MG      DL      SU      RF
0        2      0       2       2        1            1            1          "Bronze Helm"                        16      9         0              34           0          80            20             0           0             0               0      0       1       0       0       1       0       0
1        2      0       2       2        1            1            1          "Dragon Helm"                        57      24        0              68           0          120           30             0           0             0               0      0       1       0       0       0       0       0
2        2      0       2       2        1            1            1          "Pad Helm"                           5       4         0              28           0          20            0              0           0             0               0      1       0       0       0       0       0       0
3        2      0       2       2        1            1            1          "Legendary Helm"                     50      18        0              42           0          30            0              0           0             0               0      1       0       0       0       0       0       0
4        2      0       2       2        1            1            1          "Bone Helm"                          18      9         0              30           0          30            0              0           0             0               0      1       0       0       0       0       0       0
5        2      0       2       2        1            1            1          "Leather Helm"                       6       5         0              30           0          80            0              0           0             0               0      0       1       0       0       1       0       0
6        2      0       2       2        1            1            1          "Scale Helm"                         26      12        0              40           0          110           0              0           0             0               0      0       1       0       0       1       0       1
7        2      0       2       2        1            1            1          "Sphinx Mask"                        32      13        0              36           0          30            0              0           0             0               0      1       0       0       0       0       0       0
8        2      0       2       2        1            1            1          "Brass Helm"                         36      17        0              44           0          100           30             0           0             0               0      0       1       0       0       0       0       1
9        2      0       2       2        1            1            1          "Plate Helm"                         46      20        0              50           0          130           0              0           0             0               0      0       1       0       0       0       0       1
10       2      0       2       2        1            1            1          "Vine Helm"                          6       4         0              22           0          30            60             0           0             0               0      0       0       1       0       0       0       0
11       2      0       2       2        1            1            1          "Silk Helm"                          16      8         0              26           0          30            70             0           0             0               0      0       0       1       0       0       0       0
12       2      0       2       2        1            1            1          "Wind Helm"                          28      12        0              32           0          30            80             0           0             0               0      0       0       1       0       0       0       0
13       2      0       2       2        1            1            1          "Spirit Helm"                        40      16        0              38           0          40            80             0           0             0               0      0       0       1       0       0       0       0
14       2      0       2       2        1            1            1          "Guardian Helm"                      53      23        0              45           0          40            80             0           0             0               0      0       0       1       0       0       0       0
16       2      0       2       2        1            1            1          "Black Dragon Helm"                  82      30        0              74           0          170           60             0           0             0               0      0       1       0       0       0       0       0
17       2      0       2       2        1            1            1          "Dark Phoenix Helm"                  92      43        0              80           0          205           62             0           0             0               0      0       2       0       0       0       0       0
18       2      0       2       2        1            1            1          "Grand Soul Helm"                    81      27        0              67           0          59            20             0           0             0               0      2       0       0       0       0       0       0
19       2      0       2       2        1            1            1          "Divine Helm"                        85      37        0              74           0          50            110            0           0             0               0      0       0       2       0       0       0       0
21       2      0       2       2        1            1            1          "Great Dragon Helm"                  104     53        0              86           0          200           58             0           0             0               0      0       2       0       0       0       0       0
22       2      0       2       2        1            1            1          "Dark Soul Helm"                     110     36        0              75           0          55            18             0           0             0               0      2       0       0       0       0       0       0
24       2      0       2       2        1            1            1          "Red Spirit Helm"                    93      46        0              80           0          52            115            0           0             0               0      0       0       2       0       0       0       0
25       2      0       2       2        1            1            1          "Light Plate Mask"                   46      20        0              42           0          70            20             0           0             0               0      0       0       0       0       1       0       0
26       2      0       2       2        1            1            1          "Adamantine Mask"                    66      24        0              56           0          77            21             0           0             0               0      0       0       0       0       1       0       0
27       2      0       2       2        1            1            1          "Dark Steel Mask"                    86      26        0              70           0          84            22             0           0             0               0      0       0       0       0       1       0       0
28       2      0       2       2        1            1            1          "Dark Master Mask"                   106     34        0              78           0          80            21             0           0             0               0      0       0       0       0       1       0       0
29       2      0       2       2        1            1            1          "Dragon Knight Helm"                 130     66        0              90           380        170           60             0           0             0               0      0       2       0       0       0       0       0
30       2      0       2       2        1            1            1          "Venom Mist Helm"                    126     48        0              86           380        44            15             0           0             0               0      2       0       0       0       0       0       0
31       2      0       2       2        1            1            1          "Sylphid Ray Helm"                   126     57        0              86           380        38            80             0           0             0               0      0       0       2       0       0       0       0
33       2      0       2       2        1            1            1          "Sunlight Mask"                      130     46        0              82           380        62            16             0           0             0               0      0       0       0       0       1       0       0
34       2      0       2       2        1            1            1          "Ashcrow Helm"                       67      27        0              72           0          160           50             0           0             0               0      0       1       0       0       0       0       0
35       2      0       2       2        1            1            1          "Eclipse Helm"                       67      22        0              54           0          53            12             0           0             0               0      1       0       0       0       0       0       0
36       2      0       2       2        1            1            1          "Iris Helm"                          67      30        0              59           0          50            70             0           0             0               0      0       0       1       0       0       0       0
38       2      0       2       2        1            1            1          "Glorious Mask"                      97      30        0              74           0          80            21             0           0             0               0      0       0       0       0       1       0       0
39       2      0       2       2        1            1            1          "Violent Wind Helm"                  28      13        0              36           0          31            0              0           0             0               0      0       0       0       0       0       1       0
40       2      0       2       2        1            1            1          "Red Wing Helm"                      50      18        0              42           0          26            4              0           0             0               0      0       0       0       0       0       1       0
41       2      0       2       2        1            1            1          "Ancient Helm"                       68      24        0              54           0          52            16             0           0             0               0      0       0       0       0       0       1       0
42       2      0       2       2        1            1            1          "Demonic Helm"                       81      32        0              67           0          60            20             0           0             0               0      0       0       0       0       0       2       0
43       2      0       2       2        1            1            1          "Storm Blitz Helm"                   110     43        0              75           380        56            20             0           0             0               0      0       0       0       0       0       2       0
44       2      0       2       2        1            1            1          "Eternal Helm"                   	   110     43        0              75           379        56            20             0           0             0               0      0       0       0       0       0       2       0
45       2      0       2       2        1            1            1          "Titan Helm"                         111     63        0              86           379        222           32             0           0             0               0      0       1       0       0       0       0       0
46       2      0       2       2        1            1            1          "Brave Helm"                         107     51        0              86           379        74            162            0           0             0               0      0       1       0       0       0       0       0
49       2      0       2       2        1            1            1          "Seraphim Helm"                      111     50        0              86           379        55            197            0           0             0               0      0       0       1       0       0       0       0
50       2      0       2       2        1            1            1          "faith Helm"                         104     44        0              86           379        32            29             138         0             0               0      0       0       1       0       0       0       0
51       2      0       2       2        1            1            1          "Royal Mask"                         111     44        0              86           379        105           38             0           0             0               0      0       0       0       0       1       0       0
52       2      0       2       2        1            1            1          "Hades Helm"                         109     41        0              86           379        60            15             181         0             0               0      1       0       0       0       0       0       0
53	     2	    0	    2	    2		 1	     	  1	           1	      "Queen Helm"			   			   111	   80	     0	            86	         0	        57	          15	         182	     0	           0	           0	  0	  	  0	  	  0	 	  0	  	  0	  	  2	      0
59       2      0       2       2        1            1            1          "Sacred Helm"                        54      24        0              52           0          85            0              0           75            0               0      0       0       0       0       0       0       1
60       2      0       2       2        1            1            1          "Storm Hard Helm"                    70      32        0              68           0          100           0              0           90            0               0      0       0       0       0       0       0       1
61       2      0       2       2        1            1            1          "Piercing Helm"                      90      45        0              82           0          115           0              0           100           0               0      0       0       0       0       0       0       1
62	     2	    0	    2	    2	     0	          0	           0	      "Lucky Scale Helm"	           	   26	   16	     0	            255	         1	        0	          0	             0	          0	           0	           0	  0	      1	      0	      0	      1	      0	      1	
63	     2	    0	    2	    2	     0	          0	           0	      "Lucky Silk Helm"	                   16	   11	     0	            255	         1	        0	          0	             0	          0	           0	           0	  0	      0	      1	      0	      0	      0	      0	
64	     2	    0	    2	    2	     0	          0	           0	      "Lucky Sphinx Helm"	          	   32	   17	     0	            255	         1	        0	          0	             0	          0	           0	           0	  1	      0	      0	      0	      0	      0	      0	
65	     2	    0	    2	    2	     0	          0	           0	      "Lucky Violent Wind Helm"	           28	   17	     0	            255	         1	        0	          0	             0	          0	           0	           0	  0	      0	      0	      0	      0	      1	      0	
66	     2	    0	    2	    2	     0	          0	           0	      "Lucky Dark Soul Helm"	           66	   29	     0	            255	         150	    0	          0	             0	          0	           0	           0	  0	      0	      0	      0	      1	      0	      0	
67	     2	    0	    2	    2	     0	          0	           0	      "Lucky Dragon Helm"	               57	   29	     0	            255	         150	    0	          0	             0	          0	           0	           0	  0	      1	      0	      0	      0	      0	      0	
68	     2	    0	    2	    2	     0	          0	           0	      "Lucky Guardian Helm"	               53	   28	     0	            255	         150	    0	          0	             0	          0	           0	           0	  0	      0	      1	      0	      0	      0	      0	
69	     2	    0	    2	    2	     0	          0	           0	      "Lucky Legendary Helm"	           50	   23	     0	            255	         150	    0	          0	             0	          0	           0	           0	  1	      0	      0	      0	      0	      0	      0	
70	     2	    0	    2	    2	     0	          0	           0	      "Lucky Red Wing Helm"	               50	   20	     0	            255	         150	    0	          0	             0	          0	           0	           0	  0	      0	      0	      0	      0	      1	      0	
72	     2	    0	    2	    2	     0	          0	           0	      "Lucky Storm Hard Helm"	           70	   32	     0	            255	         150	    0	          0	             0	          0	           0	           0	  0	      0	      0	      0	      0	      0	      1	
73	     2	    0	    2	    2	     1	          1	           1	      "Phoenix Soul Helm"	               128	   60	     0	            88	         380	    97	          0	             0	          85	       0	           0	  0	      0	      0	      0	      0	      0	      1	
//============================================================================================================================================================================================================================================================================================================================================================
//																Customs Items MuOnline (Ex700 a S.16 -Oficiales)
//============================================================================================================================================================================================================================================================================================================================================================
//============================================================================================================================================================================================================================================================================================================================================================
//Sets ex700
//============================================================================================================================================================================================================================================================================================================================================================
89		 2      0       2       2        1            1            1          "Lazy Wind Helm"                     143     68        0              90           379        67            151            0           0             0               0      0       3       0       0       0       0       0
90       2      0       2       2        1            1            1          "Dark Devil Helm"                    143     50        0              90           379        45            13             171         0             0               0      3       0       0       0       0       0       0  
91       2      0       2       2        1            1            1          "Stormwing Helm"                     143     72        0              90           379        200           33             0           0             0               0      0       3       0       0       0       0       0  
92       2      0       2       2        1            1            1          "Sticky Helm"                        143     59        0              90           379        48            180            0           0             0               0      0       0       3       0       0       0       0  
94       2      0       2       2        1            1            1          "Ambition Mask"                      143     53        0              90           379        112           22             0           0             0               0      0       0       0       0       3       0       0  
95       2      0       2       2        1            1            1          "Succubus Helm"                      143     44        0              90           379        56            19             157         0             0               0      0       0       0       0       0       3       0 
96	     2	    0	    2	    2	     1	          1	           1	      "BloodyDragon Helm"				   148	   63	     0	            86			 379		222			  32			 0			 0			   0			   0	  0		  0		  0		  0		  0	 	  0 	  3
97       2      0       2       2        1            1            1          "Light Lord Helmet"                  143     53        0              90           379        14            31             127         0             0               0      0       0       3       0       0       0       0 
//============================================================================================================================================================================================================================================================================================================================================================
//Sets RF S12
//============================================================================================================================================================================================================================================================================================================================================================
98       2      0       2       2        1            1            1          "Tigris Helm"                        111     41        0              86           379        66            18             0           0             0               0      0       0       0       0       0       0       1
99       2      0       2       2        1            1            1          "Crimson Skull Helm"                 143     52        0              90           379        76            23             0           0             0               0      0       0       0       0       0       0       1
//============================================================================================================================================================================================================================================================================================================================================================
//Sets Blood Angel
//============================================================================================================================================================================================================================================================================================================================================================
100      2      0       2       2        1            1            0          "Bloodangel Wizard Helm"             150     46        0              100          379        42            14             0           0             0               0      3       0       0       0       0       0       0
101      2      0       2       2        1            1            0          "Bloodangel Knight Helm"             150     63        0              100          379        145           42             0           0             0               0      0       3       0       0       0       0       0
102      2      0       2       2        1            1            0          "Bloodangel Elf Helm"                150     56        0              100          379        34            75             0           0             0               0      0       0       3       0       0       0       0
104      2      0       2       2        1            1            0          "Bloodangel Lord Helm"               150     44        0              100          379        59            15             0           0             0               0      0       0       0       0       3       0       0
105      2      0       2       2        1            1            0          "Bloodangel Summoner Helm"           150     42        0              100          379        34            11             0           0             0               0      0       0       0       0       0       3       0
106      2      0       2       2        1            1            0          "Bloodangel Fighter Helm"            150     42        0              100          379        71            0              0           0             0               0      0       0       0       0       0       0       3
//============================================================================================================================================================================================================================================================================================================================================================
//Sets Dark Angel
//============================================================================================================================================================================================================================================================================================================================================================
107     2      0       2       2        1            1             0          "Darkangel Wizard Helm"              150     71        0              100          379        42            14             0           0             0               0      3       0       0       0       0       0       0  
108     2      0       2       2        1            1             0          "Darkangel Knight Helm"              150     88        0              100          379        145           42             0           0             0               0      0       3       0       0       0       0       0  
109     2      0       2       2        1            1             0          "Darkangel Elf Helm"                 150     81        0              100          379        34            75             0           0             0               0      0       0       3       0       0       0       0  
111     2      0       2       2        1            1             0          "Darkangel Lord Helm"                150     69        0              100          379        59            15             0           0             0               0      0       0       0       0       3       0       0  
112     2      0       2       2        1            1             0          "Darkangel Summoner Helm"            150     67        0              100          379        34            11             0           0             0               0      0       0       0       0       0       3       0  
113     2      0       2       2        1            1             0          "Darkangel Fighter Helm"             150     67        0              100          379        71            0              0           0             0               0      0       0       0       0       0       0       3  
//============================================================================================================================================================================================================================================================================================================================================================
//Sets HolyAngel
//============================================================================================================================================================================================================================================================================================================================================================
114      2      0       2       2        1            1            0          "Holyangel Wizard Helm"              150     121       0              100          379        42            14             0           0             0               0      3       0       0       0       0       0       0
115      2      0       2       2        1            1            0          "Holyangel Knight Helm"              150     138       0              100          379        145           42             0           0             0               0      0       3       0       0       0       0       0
116      2      0       2       2        1            1            0          "Holyangel Elf Helm"             	   150     131       0              100          379        34            75             0           0             0               0      0       0       3       0       0       0       0
117      2      0       2       2        1            1            0          "Holyangel Lord Helm"                150     119       0              100          379        59            15             0           0             0               0      0       0       0       0       3       0       0
118      2      0       2       2        1            1            0          "Holyangel Summoner Helm"            150     117       0              100          379        34            11             0           0             0               0      0       0       0       0       0       3       0
119      2      0       2       2        1            1            0          "Holyangel Fighter Helm"             150     117       0              100          379        71            0              0           0             0               0      0       0       0       0       0       0       3
//============================================================================================================================================================================================================================================================================================================================================================
//Sets Awakening
//============================================================================================================================================================================================================================================================================================================================================================
121      2      0       2       2        1            1            0          "Awakening Soul Wizard Helm"         150     164       0              100          379        42            14             0           0             0               0      3       0       0       0       0       0       0
122      2      0       2       2        1            1            0          "Awakening Soul Knight Helm"         150     183       0              100          379        145           42             0           0             0               0      0       3       0       0       0       0       0
123      2      0       2       2        1            1            0          "Awakening Soul Elf Helm"        	   150     178       0              100          379        34            75             0           0             0               0      0       0       3       0       0       0       0
125      2      0       2       2        1            1            0          "Awakening Soul Lord Helm"           150     162       0              100          379        59            15             0           0             0               0      0       0       0       0       3       0       0
126      2      0       2       2        1            1            0          "Awakening Soul Summoner Helm"       150     166       0              100          379        34            11             0           0             0               0      0       0       0       0       0       3       0
127      2      0       2       2        1            1            0          "Awakening Soul Fighter Helm"        150     160       0              100          379        71            0              0           0             0               0      0       0       0       0       0       0       3
//============================================================================================================================================================================================================================================================================================================================================================
//Sets BlueEye
//============================================================================================================================================================================================================================================================================================================================================================
128      2      0       2       2        1            1            0          "Blue Eye Wizard Helm"               150     209       0              100          379        42            14             0           0             0               0      3       0       0       0       0       0       0
129      2      0       2       2        1            1            0          "Blue Eye Knight Helm"               150     228       0              100          379        145           42             0           0             0               0      0       3       0       0       0       0       0
130      2      0       2       2        1            1            0          "Blue Eye Elf Helm"             	   150     223       0              100          379        34            75             0           0             0               0      0       0       3       0       0       0       0
132      2      0       2       2        1            1            0          "Blue Eye Lord Helm"                 150     207       0              100          379        59            15             0           0             0               0      0       0       0       0       3       0       0
133      2      0       2       2        1            1            0          "Blue Eye Summoner Helm"             150     211       0              100          379        34            11             0           0             0               0      0       0       0       0       0       3       0
134      2      0       2       2        1            1            0          "Blue Eye Fighter Helm"              150     205       0              100          379        71            0              0           0             0               0      0       0       0       0       0       0       3
//============================================================================================================================================================================================================================================================================================================================================================
//Sets Blood Angel
//============================================================================================================================================================================================================================================================================================================================================================
135      2      0       2       2        1            1            0          "Silver Heart Wizard Helm"           150     254       0              100          379        42            14             0           0             0               0      3       0       0       0       0       0       0
136      2      0       2       2        1            1            0          "Silverheart Knight Helm"            150     273       0              100          379        145           42             0           0             0               0      0       3       0       0       0       0       0
137      2      0       2       2        1            1            0          "Silverheart Elf Helm"               150     268       0              100          379        34            75             0           0             0               0      0       0       3       0       0       0       0
139      2      0       2       2        1            1            0          "Silverheart Lord Helm"              150     252       0              100          379        59            15             0           0             0               0      0       0       0       0       3       0       0
140      2      0       2       2        1            1            0          "Silverheart Summoner Helm"          150     256       0              100          379        34            11             0           0             0               0      0       0       0       0       0       3       0
141      2      0       2       2        1            1            0          "Silverheart Fighter Helm"           150     250       0              100          379        71            0              0           0             0               0      0       0       0       0       0       0       3
//============================================================================================================================================================================================================================================================================================================================================================
//Sets Mantiacore
//============================================================================================================================================================================================================================================================================================================================================================
142	     2	    0	    2	    2	     1	          1	           0	      "Manticore Wizard Helm"		       150	   299	     0	            100          379	    42			  14			 0			 0			   0	 		   0	  3		  0		  0		  0		  0		  0		  0
143	     2	    0	    2	    2	     1	          1	           0	      "Manticore Knight Helm"		       150	   318	     0	            100          379	    145			  42			 0			 0			   0	 		   0	  0		  3		  0		  0		  0		  0		  0
144	     2	    0	    2	    2	     1	          1	           0	      "Manticore Elf Helm"			       150	   313	     0	            100          379	    34			  75			 0			 0			   0	 		   0	  0		  0		  3		  0		  0		  0		  0
146	     2	    0	    2	    2	     1	          1	           0	      "Manticore Lord Helm"		      	   150	   297	     0	            100          379	    59			  15			 0			 0			   0	 		   0	  0		  0		  0		  0		  3		  0		  0
147	     2	    0	    2	    2	     1	          1	           0	      "Manticore Summon Helm"		       150	   301	     0	            100          379	    34			  11			 0			 0			   0	 		   0	  0		  0		  0		  0		  0		  3		  0
148	     2	    0	    2	    2	     1	          1	           0	      "Manticore Fighter Helm"		       150	   295	     0	            100          379	    71			  0			     0			 0			   0	 		   0	  0		  0		  0		  0		  0		  0		  3
//============================================================================================================================================================================================================================================================================================================================================================
//Sets Brilliant
//============================================================================================================================================================================================================================================================================================================================================================
149	     2	    0	    2	    2	     1	          1	           0	      "Brilliant Wizard Helm"		       150	   419	     0	            100          379	    42			  14			 0			 0			   0	 		   0	  3		  0		  0		  0		  0		  0		  0
150	     2	    0	    2	    2	     1	          1	           0	      "Brilliant Knight Helm"		       150	   441	     0	            100          379	    145			  42			 0			 0			   0	 		   0	  0		  3		  0		  0		  0		  0		  0
151	     2	    0	    2	    2	     1	          1	           0	      "Brilliant Elf Helm"			       150	   435	     0	            100          379	    34			  75			 0			 0			   0	 		   0	  0		  0		  3		  0		  0		  0		  0
153	     2	    0	    2	    2	     1	          1	           0	      "Brilliant Lord Helm"		      	   150	   417	     0	            100          379	    59			  15			 0			 0			   0	 		   0	  0		  0		  0		  0		  3		  0		  0
154	     2	    0	    2	    2	     1	          1	           0	      "Brilliant Summon Helm"		       150	   421	     0	            100          379	    34			  11			 0			 0			   0	 		   0	  0		  0		  0		  0		  0		  3		  0
155	     2	    0	    2	    2	     1	          1	           0	      "Brilliant Fighter Helm"		       150	   415	     0	            100          379	    71			  0			     0			 0			   0	 		   0	  0		  0		  0		  0		  0		  0		  3
//============================================================================================================================================================================================================================================================================================================================================================
//Sets Apocalypse
//============================================================================================================================================================================================================================================================================================================================================================
156	     2	    0	    2	    2	     1	          1	           0	      "Apocalypse Wizard Helm"		       150	   419	     0	            100          379	    42			  14			 0			 0			   0	 		   0	  3		  0		  0		  0		  0		  0		  0
157	     2	    0	    2	    2	     1	          1	           0	      "Apocalypse Knight Helm"		       150	   441	     0	            100          379	    145			  42			 0			 0			   0	 		   0	  0		  3		  0		  0		  0		  0		  0
158	     2	    0	    2	    2	     1	          1	           0	      "Apocalypse Elf Helm"			       150	   435	     0	            100          379	    34			  75			 0			 0			   0	 		   0	  0		  0		  3		  0		  0		  0		  0
160	     2	    0	    2	    2	     1	          1	           0	      "Apocalypse Lord Helm"		       150	   417	     0	            100          379	    59			  15			 0			 0			   0	 		   0	  0		  0		  0		  0		  3		  0		  0
161	     2	    0	    2	    2	     1	          1	           0	      "Apocalypse Summon Helm"		       150	   421	     0	            100          379	    34			  11			 0			 0			   0	 		   0	  0		  0		  0		  0		  0		  3		  0
162	     2	    0	    2	    2	     1	          1	           0	      "Apocalypse Fighter Helm"		       150	   415	     0	            100          379	    71			  0			     0			 0			   0	 		   0	  0		  0		  0		  0		  0		  0		  3
//============================================================================================================================================================================================================================================================================================================================================================
//Sets Primordial Lightning
//============================================================================================================================================================================================================================================================================================================================================================
163	     2	    0	    2	    2	     1	          1	           0	      "Lightning Wizard Helm"		       150	   419	     0	            100          379	    42			  14			 0			 0			   0	 		   0	  3		  0		  0		  0		  0		  0		  0
164	     2	    0	    2	    2	     1	          1	           0	      "Lightning Knight Helm"		       150	   441	     0	            100          379	    145			  42			 0			 0			   0	 		   0	  0		  3		  0		  0		  0		  0		  0
165	     2	    0	    2	    2	     1	          1	           0	      "Lightning Elf Helm"			       150	   435	     0	            100          379	    34			  75			 0			 0			   0	 		   0	  0		  0		  3		  0		  0		  0		  0
167	     2	    0	    2	    2	     1	          1	           0	      "Lightning Lord Helm"		      	   150	   417	     0	            100          379	    59			  15			 0			 0			   0	 		   0	  0		  0		  0		  0		  3		  0		  0
168	     2	    0	    2	    2	     1	          1	           0	      "Lightning Summon Helm"		       150	   421	     0	            100          379	    34			  11			 0			 0			   0	 		   0	  0		  0		  0		  0		  0		  3		  0
169	     2	    0	    2	    2	     1	          1	           0	      "Lightning Fighter Helm"		       150	   415	     0	            100          379	    71			  0			     0			 0			   0	 		   0	  0		  0		  0		  0		  0		  0		  3
//============================================================================================================================================================================================================================================================================================================================================================
//Customs Items MuOnline
//============================================================================================================================================================================================================================================================================================================================================================
300      2      0       2       2        1            1            0          "Imperial Dragon Helm[Z-1]"         111     63        0              86           380        222            32            0           0             0                   0      0       1       0       0       0       0       0
301      2      0       2       2        1            1            0          "Brave Helm(380"                     107     51        0              86           380        74             162           0           0             0                   0      0       1       0       0       0       0       0
304      2      0       2       2        1            1            0          "Seraphim Helm(380)"                 111     50        0              86           380        55             197           0           0             0                   0      0       0       1       0       0       0       0
305      2      0       2       2        1            1            0          "faith Helm(380)"                    104     44        0              86           380        32             29            138         0             0                   0      0       0       1       0       0       0       0
306      2      0       2       2        1            1            0          "Royal Mask(380)"                    111     44        0              86           380        105            38            0           0             0                   0      0       0       0       0       1       0       0
307      2      0       2       2        1            1            0          "Hades Helm(380)"                    109     41        0              86           380        60             15            181         0             0                   0      1       0       0       0       0       0       0
308      2	    0	    2	    2	     1	          1	           0	      "Queen Helm(380)"			      	   111	   80	     0	            86	         380	    57	           15	         182	     0	           0	               0	  0	  	  0	  	  0	 	  0	 	  0	  	  2	  	  0
309      2      0       2       2        1            1            0          "New Dragon Helm"                    111     63        0              86           380        222            32            0           0             0                   0      0       1       0       0       0       0       0
310      2      0       2       2        1            1            0          "New Guardian Helm"                  111     63        0              86           380        222            32            0           0             0                   0      0       0       1       0       0       0       0
311      2      0       2       2        1            1            0          "New Legendary Helm"                 111     63        0              86           380        222            32            0           0             0                   0      1       0       0       0       0       0       0
end

8
//Type   Slot   Skill   Width   Height   HaveSerial   HaveOption   DropItem   Name                                 Level   Defense   MagicDefense   Durability   ReqLevel   ReqStrength   ReqDexterity   ReqEnergy   ReqVitality   ReqLeadership   None   DW      DK      FE      MG      DL      SU      RF
0        3      0       2       2        1            1            1          "Bronze Armor"                       18      14        0              34           0          80            20             0           0             0               0      0       1       0       1       1       0       0
1        3      0       2       3        1            1            1          "Dragon Armor"                       59      37        0              68           0          120           30             0           0             0               0      0       1       0       1       0       0       0
2        3      0       2       2        1            1            1          "Pad Armor"                          10      7         0              28           0          30            0              0           0             0               0      1       0       0       1       0       0       0
3        3      0       2       2        1            1            1          "Legendary Armor"                    56      22        0              42           0          40            0              0           0             0               0      1       0       0       1       0       0       0
4        3      0       2       2        1            1            1          "Bone Armor"                         22      13        0              30           0          40            0              0           0             0               0      1       0       0       1       0       0       0
5        3      0       2       3        1            1            1          "Leather Armor"                      10      10        0              30           0          80            0              0           0             0               0      0       1       0       1       1       0       0
6        3      0       2       2        1            1            1          "Scale Armor"                        28      18        0              40           0          110           0              0           0             0               0      0       1       0       1       1       0       1
7        3      0       2       3        1            1            1          "Sphinx Armor"                       38      17        0              36           0          40            0              0           0             0               0      1       0       0       1       0       0       0
8        3      0       2       2        1            1            1          "Brass Armor"                        38      22        0              44           0          100           30             0           0             0               0      0       1       0       1       0       0       1
9        3      0       2       2        1            1            1          "Plate Armor"                        48      30        0              50           0          130           0              0           0             0               0      0       1       0       1       0       0       1
10       3      0       2       2        1            1            1          "Vine Armor"                         10      8         0              22           0          30            60             0           0             0               0      0       0       1       0       0       0       0
11       3      0       2       2        1            1            1          "Silk Armor"                         20      12        0              26           0          30            70             0           0             0               0      0       0       1       0       0       0       0
12       3      0       2       2        1            1            1          "Wind Armor"                         32      16        0              32           0          30            80             0           0             0               0      0       0       1       0       0       0       0
13       3      0       2       2        1            1            1          "Spirit Armor"                       44      21        0              38           0          40            80             0           0             0               0      0       0       1       0       0       0       0
14       3      0       2       2        1            1            1          "Guardian Armor"                     57      29        0              45           0          40            80             0           0             0               0      0       0       1       0       0       0       0
15       3      0       2       3        1            1            1          "Storm Crow Armor"                   80      44        0              80           0          150           70             0           0             0               0      0       0       0       1       0       0       0
16       3      0       2       3        1            1            1          "Black Dragon Armor"                 90      48        0              74           0          170           60             0           0             0               0      0       1       0       0       0       0       0
17       3      0       2       3        1            1            1          "Dark Phoenix Armor"                 100     63        0              80           0          214           65             0           0             0               0      0       2       0       0       0       0       0
18       3      0       2       3        1            1            1          "Grand Soul Armor"                   91      33        0              67           0          59            20             0           0             0               0      2       0       0       0       0       0       0
19       3      0       2       2        1            1            1          "Divine Armor"                       92      44        0              74           0          50            110            0           0             0               0      0       0       2       0       0       0       0
20       3      0       2       3        1            1            1          "Thunder Hawk Armor"                 107     60        0              82           0          170           70             0           0             0               0      0       0       0       1       0       0       0
21       3      0       2       3        1            1            1          "Great Dragon Armor"                 126     75        0              86           0          200           58             0           0             0               0      0       2       0       0       0       0       0
22       3      0       2       3        1            1            1          "Dark Soul Armor"                    122     43        0              75           0          55            18             0           0             0               0      2       0       0       0       0       0       0
23       3      0       2       3        1            1            1          "Hurricane Armor"                    128     73        0              90           0          162           66             0           0             0               0      0       0       0       1       0       0       0
24       3      0       2       2        1            1            1          "Red Sprit Armor"                    109     55        0              80           0          52            115            0           0             0               0      0       0       2       0       0       0       0
25       3      0       2       3        1            1            1          "Light Plate Armor"                  62      25        0              42           0          70            20             0           0             0               0      0       0       0       0       1       0       0
26       3      0       2       3        1            1            1          "Adamantine Armor"                   78      36        0              56           0          77            21             0           0             0               0      0       0       0       0       1       0       0
27       3      0       2       3        1            1            1          "Dark Steel Armor"                   96      43        0              70           0          84            22             0           0             0               0      0       0       0       0       1       0       0
28       3      0       2       3        1            1            1          "Dark Master Armor"                  117     51        0              78           0          80            21             0           0             0               0      0       0       0       0       1       0       0
29       3      0       2       3        1            1            1          "Dragon Knight Armor"                140     88        0              90           380        170           60             0           0             0               0      0       2       0       0       0       0       0
30       3      0       2       3        1            1            1          "Venom Mist Armor"                   146     57        0              86           380        44            15             0           0             0               0      2       0       0       0       0       0       0
31       3      0       2       3        1            1            1          "Sylphid Ray Armor"                  146     68        0              86           380        38            80             0           0             0               0      0       0       2       0       0       0       0
32       3      0       2       3        1            1            1          "Volcano Armor"                      147     86        0              95           380        145           60             0           0             0               0      0       0       0       1       0       0       0
33       3      0       2       3        1            1            1          "Sunlight Armor"                     147     64        0              82           380        62            16             0           0             0               0      0       0       0       0       1       0       0
34       3      0       2       3        1            1            1          "Ashcrow Armor"                      75      42        0              72           0          160           50             0           0             0               0      0       1       0       0       0       0       0
35       3      0       2       3        1            1            1          "Eclipse Armor"                      75      27        0              54           0          53            12             0           0             0               0      1       0       0       0       0       0       0
36       3      0       2       3        1            1            1          "Iris Armor"                         75      36        0              59           0          50            70             0           0             0               0      0       0       1       0       0       0       0
37       3      0       2       3        1            1            1          "Valiant Armor"                      105     52        0              81           0          155           50             0           0             0               0      0       0       0       1       0       0       0
38       3      0       2       3        1            1            1          "Glorious Armor"                     105     47        0              74           0          80            21             0           0             0               0      0       0       0       0       1       0       0
39       3      0       2       2        1            1            1          "Violent Wind Armor"                 34      22        0              36           0          39            0              0           0             0               0      0       0       0       0       0       1       0
40       3      0       2       2        1            1            1          "Red Wing Armor"                     56      28        0              42           0          35            8              0           0             0               0      0       0       0       0       0       1       0
41       3      0       2       2        1            1            1          "Ancient Armor"                      75      35        0              54           0          52            16             0           0             0               0      0       0       0       0       0       1       0
42       3      0       2       2        1            1            1          "Demonic Armor"                      91      45        0              67           0          60            20             0           0             0               0      0       0       0       0       0       2       0
43       3      0       2       2        1            1            1          "Storm Blitz Armor"                  122     56        0              75           380        57            19             0           0             0               0      0       0       0       0       0       2       0
44       3      0       2       2        1            1            1          "Eternal Armor"                      122     56        0              75           379        57            19             0           0             0               0      0       0       0       0       0       2       0
45       3      0       2       3        1            1            1          "Titan Armor"                        132     81        0              86           380        222           32             0           0             0               0      0       1       0       0       0       0       0
46       3      0       2       3        1            1            1          "Brave Armor"                        128     62        0              86           380        74            162            0           0             0               0      0       1       0       0       0       0       0
47       3      0       2       3        1            1            1          "Phantom Armor"                      131     80        0              86           380        212           57             0           0             0               0      0       0       0       1       0       0       0
48       3      0       2       3        1            1            1          "Destroy Armor"                      125     66        0              86           380        62            19             165         0             0               0      0       0       0       1       0       0       0
49       3      0       2       2        1            1            1          "Seraphim Armor"                     129     60        0              86           380        55            197            0           0             0               0      0       0       1       0       0       0       0
50       3      0       2       2        1            1            1          "Divine Armor"                       122     52        0              86           380        32            29             138         0             0               0      0       0       1       0       0       0       0
51       3      0       2       3        1            1            1          "Royal Armor"                        132     58        0              86           380        105           38             0           0             0               0      0       0       0       0       1       0       0
52       3      0       2       3        1            1            1          "Hades Armor"                        129     50        0              86           380        60            15             181         0             0               0      1       0       0       0       0       0       0
53	     3		0		2	    3	     1	          1	      	   1  	      "Queen Armor"			  		   	   115	   80	     0	            86	         0	        53	          15	         176	     0	           0	           0	  0	  	  0	  	  0	  	  0	  	  0	  	  2	 	  0
59       3      0       2       3        1            1            1          "Sacred Armor"                        66     43        0              52           0          85            0              0           75            0               0      0       0       0       0       0       0       1
60       3      0       2       3        1            1            1          "Storm Hard Armor"                    82     51        0              68           0          100           0              0           90            0               0      0       0       0       0       0       0       1
61       3      0       2       3        1            1            1          "Piercing Armor"                     101     59        0              82           0          115           0              0           100           0               0      0       0       0       0       0       0       1
62	     3	    0	    2	    2	     0	          0	           0	      "Lucky Scale Armor"	           		28	   21	     0	            255	         1	        0	          0	             0	         0	           0	           0	  0	      1	      0	      0	      1	      0	      1	
63	     3	    0	    2	    2	     0	          0	           0	      "Lucky Silk Armor"	           		20	   14	     0	            255	         1	        0	          0	             0	         0	           0	           0	  0	      0	      1	      0	      0	      0	      0	
64	     3	    0	    2	    3	     0	          0	           0	      "Lucky Sphinx Armor"	           		38	   19	     0	            255	         1	        0	          0	             0	         0	           0	           0	  1	      0	      0	      1	      0	      0	      0	
65	     3	    0	    2	    2	     0	          0	           0	      "Lucky Violent Wind Armor"	   		34	   26	     0	            255	         1	        0	          0	             0	         0	           0	           0	  0	      0	      0	      0	      0	      1	      0	
66	     3	    0	    2	    3	     0	          0	           0	      "Lucky Dark Soul Armor"	            78	   39	     0	            255	         150	    0	          0	             0	         0	           0	           0	  0	      0	      0	      0	      1	      0	      0	
67	     3	    0	    2	    3	     0	          0	           0	      "Lucky Dragon Armor"	          	    59	   42	     0	            255	         150	    0	          0	             0	         0	           0	           0	  0	      1	      0	      0	      0	      0	      0	
68	     3	    0	    2	    2	     0	          0	           0	      "Lucky Guardian Armor"	            57	   29	     0	            255	         150	    0	          0	             0	         0	           0	           0	  0	      0	      1	      0	      0	      0	      0	
69	     3	    0	    2	    2	     0	          0	           0	      "Lucky Legendary Armor"	            56	   24	     0	            255	         150	    0	          0	             0	         0	           0	           0	  1	      0	      0	      0	      0	      0	      0	
70	     3	    0	    2	    2	     0	          0	           0	      "Lucky Red Wing Armor"	            56	   31	     0	            255	         150	    0	          0	             0	         0	           0	           0	  0	      0	      0	      0	      0	      1	      0	
71	     3	    0	    2	    3	     0	          0	           0	      "Lucky Atlans Armor"	                80	   47	     0	            255	         150	    0	          0	             0	         0	           0	           0	  0	      0	      0	      1	      0	      0	      0	
72	     3	    0	    2	    3	     0	          0	           0	      "Lucky Storm Hard Armor"	            82	   43	     0	            255	         150	    0	          0	             0	         0	           0	           0	  0	      0	      0	      0	      0	      0	      1	
73	     3	    0	    2	    3	     1	          1	           1	      "Phoenix Soul Armor"	               143	   78	     0	            88	         380	    97	          0	             0	         85	           0	           0	  0	      0	      0	      0	      0	      0	      1	
//============================================================================================================================================================================================================================================================================================================================================================
//																Customs Items MuOnline (Ex700 a S.16 -Oficiales)
//============================================================================================================================================================================================================================================================================================================================================================
//============================================================================================================================================================================================================================================================================================================================================================
//Sets ex700
//============================================================================================================================================================================================================================================================================================================================================================
88       3      0       2       3        1            1            1          "Magic Knight Armor"                 148     75        0              90           379        48            17             142         0             0               0      0       0       0       3       0       0       0  
89       3      0       2       3        1            1            1          "Lazy Wind Armor"                    148     79        0              90           379        67            151            0           0             0               0      0       3       0       0       0       0       0  
90       3      0       2       3        1            1            1          "Dark Devil Armor"                   148     59        0              90           379        45            13             171         0             0               0      3       0       0       0       0       0       0  
91       3      0       2       3        1            1            1          "Stormwing Armor"                    148     90        0              90           379        200           33             0           0             0               0      0       3       0       0       0       0       0  
92       3      0       2       2        1            1            1          "Sticky Armor"                       148     69        0              90           379        48            180            0           0             0               0      0       0       3       0       0       0       0  
93       3      0       2       3        1            1            1          "Hell Night Armor"                   148     89        0              90           379        194           52             0           0             0               0      0       0       0       3       0       0       0  
94       3      0       2       3        1            1            1          "Ambition Armor"                     148     67        0              90           379        112           22             0           0             0               0      0       0       0       0       3       0       0  
95       3      0       2       2        1            1            1          "Succubus Armor"                     148     58        0              90           379        56            19             157         0             0               0      0       0       0       0       0       3       0  
96       3	    0	    2	    2	     1	          1	           1	      "BloodyDragon Armor"				   148	   63		 0		        86	 		 379		222			  32			 0			 0			   0			   0	  0		  0		  0		  0		  0		  0		  3
97       3      0       2       2        1            1            1          "Light Lord Armor"                   148     61        0              90           379        14            31             127         0             0               0      0       0       3       0       0       0       0  
//============================================================================================================================================================================================================================================================================================================================================================
//Sets RF S12
//============================================================================================================================================================================================================================================================================================================================================================
98       3      0       2       2        1            1            1          "Tigris Armor"                       111     63        0              86           379        70            22             0           0             0               0      0       0       0       0       0       0       1
99       3      0       2       2        1            1            1          "Crimson Skull Armor"                143     71        0              90           379        79            25             0           0             0               0      0       0       0       0       0       0       1
//============================================================================================================================================================================================================================================================================================================================================================
//Sets BloodAngel
//============================================================================================================================================================================================================================================================================================================================================================
100      3      0       2       3        1            1            0          "Bloodangel Wizard Armor"            150     53        0              100          379        46            15             0           0             0               0      3       0       0       0       0       0       0
101      3      0       2       3        1            1            0          "Bloodangel Knight Armor"            150     85        0              100          379        174           51             0           0             0               0      0       3       0       0       0       0       0
102      3      0       2       2        1            1            0          "Bloodangel Elf Armor"          	   150     65        0              100          379        39            87             0           0             0               0      0       0       3       0       0       0       0
103      3      0       2       3        1            1            0          "Bloodangel Magic Armor"        	   150     83        0              100          379        143           58             0           0             0               0      0       0       0       3       0       0       0
104      3      0       2       3        1            1            0          "Bloodangel Lord Armor"              150     61        0              100          379        65            17             0           0             0               0      0       0       0       0       3       0       0
105      3      0       2       2        1            1            0          "Bloodangel Summoner Armor"          150     55        0              100          379        38            13             0           0             0               0      0       0       0       0       0       3       0
106      3      0       2       3        1            1            0          "Bloodangel Fighter Armor"           150     66        0              100          379        81            0              0           0             0               0      0       0       0       0       0       0       3
//============================================================================================================================================================================================================================================================================================================================================================
//Sets DarkAngel
//============================================================================================================================================================================================================================================================================================================================================================
107      3      0       2       3        1            1            0          "Darkangel Wizard Armor"             150     78        0              100          379        46            15             0           0             0               0      3       0       0       0       0       0       0
108      3      0       2       3        1            1            0          "Darkangel Knight Armor"             150     110       0              100          379        174           51             0           0             0               0      0       3       0       0       0       0       0
109      3      0       2       2        1            1            0          "Darkangel Elf Armor"           	   150     90        0              100          379        39            87             0           0             0               0      0       0       3       0       0       0       0
110      3      0       2       3        1            1            0          "Darkangel Magic Armor"         	   150     108       0              100          379        143           58             0           0             0               0      0       0       0       3       0       0       0
111      3      0       2       3        1            1            0          "Darkangel Lord Armor"               150     86        0              100          379        65            17             0           0             0               0      0       0       0       0       3       0       0
112      3      0       2       2        1            1            0          "Darkangel Summoner Armor"           150     80        0              100          379        38            13             0           0             0               0      0       0       0       0       0       3       0
113      3      0       2       3        1            1            0          "Darkangel Fighter Armor"            150     91        0              100          379        81            0              0           0             0               0      0       0       0       0       0       0       3
//============================================================================================================================================================================================================================================================================================================================================================
//Sets HolyAngel
//============================================================================================================================================================================================================================================================================================================================================================
114      3      0       2       3        1            1            0          "Holyangel Wizard Armor"             150     128       0              100          379        46            15             0           0             0               0      3       0       0       0       0       0       0
115      3      0       2       3        1            1            0          "Holyangel Knight Armor"             150     160       0              100          379        174           51             0           0             0               0      0       3       0       0       0       0       0
116      3      0       2       2        1            1            0          "Holyangel Elf Armor"         	   150     140       0              100          379        39            87             0           0             0               0      0       0       3       0       0       0       0
117      3      0       2       3        1            1            0          "Holyangel Lord Armor"               150     136       0              100          379        65            17             0           0             0               0      0       0       0       0       3       0       0
118      3      0       2       2        1            1            0          "Holyangel Summoner Armor"           150     130       0              100          379        38            13             0           0             0               0      0       0       0       0       0       3       0
119      3      0       2       3        1            1            0          "Holyangel Fighter Armor"            150     141       0              100          379        81            0              0           0             0               0      0       0       0       0       0       0       3
120      3      0       2       3        1            1            0          "Holyangel Magic Armor"         	   150     158       0              100          379        143           58             0           0             0               0      0       0       0       3       0       0       0
//============================================================================================================================================================================================================================================================================================================================================================
//Sets Awakening Soul
//============================================================================================================================================================================================================================================================================================================================================================
121      3      0       2       3        1            1            0          "Awakening Soul Wizard Armor"        150     172       0              100          379        46            15             0           0             0               0      3       0       0       0       0       0       0 
122      3      0       2       3        1            1            0          "Awakening Soul Knight Armor"        150     204       0              100          379        174           51             0           0             0               0      0       3       0       0       0       0       0 
123      3      0       2       2        1            1            0          "Awakening Soul Elf Armor"      	   150     184       0              100          379        39            87             0           0             0               0      0       0       3       0       0       0       0 
124      3      0       2       3        1            1            0          "Awakening Soul Magic Armor"    	   150     203       0              100          379        143           58             0           0             0               0      0       0       0       3       0       0       0 
125      3      0       2       3        1            1            0          "Awakening Soul Lord Armor"          150     181       0              100          379        65            17             0           0             0               0      0       0       0       0       3       0       0 
126      3      0       2       2        1            1            0          "Awakening Soul Summoner Armor"      150     177       0              100          379        38            13             0           0             0               0      0       0       0       0       0       3       0 
127      3      0       2       3        1            1            0          "Awakening Soul Fighter Armor"       150     186       0              100          379        81            0              0           0             0               0      0       0       0       0       0       0       3 
//============================================================================================================================================================================================================================================================================================================================================================
//Sets Blue Eye
//============================================================================================================================================================================================================================================================================================================================================================
128      3      0       2       3        1            1            0          "Blue Eye Wizard Armor"              150     217       0              100          379        46            15             0           0             0               0      3       0       0       0       0       0       0
129      3      0       2       3        1            1            0          "Blue Eye Knight Armor"              150     249       0              100          379        174           51             0           0             0               0      0       3       0       0       0       0       0
130      3      0       2       2        1            1            0          "Blue Eye Elf Armor"            	   150     229       0              100          379        39            87             0           0             0               0      0       0       3       0       0       0       0
131      3      0       2       3        1            1            0          "Blue Eye Magic Armor"               150     248       0              100          379        143           58             0           0             0               0      0       0       0       3       0       0       0
132      3      0       2       3        1            1            0          "Blue Eye Lord Armor"                150     226       0              100          379        65            17             0           0             0               0      0       0       0       0       3       0       0
133      3      0       2       2        1            1            0          "Blue Eye Summoner Armor"            150     222       0              100          379        38            13             0           0             0               0      0       0       0       0       0       3       0
134      3      0       2       3        1            1            0          "Blue Eye Fighter Armor"             150     231       0              100          379        81            0              0           0             0               0      0       0       0       0       0       0       3
//============================================================================================================================================================================================================================================================================================================================================================
//Sets SilverHeart
//============================================================================================================================================================================================================================================================================================================================================================
135      3      0       2       3        1            1            0          "Silverheart Wizard Armor"           150     262       0              100          379        46            15             0           0             0               0      3       0       0       0       0       0       0
136      3      0       2       3        1            1            0          "Silverheart Knight Armor"           150     294       0              100          379        174           51             0           0             0               0      0       3       0       0       0       0       0
137      3      0       2       2        1            1            0          "Silverheart Elf Armor"              150     274       0              100          379        39            87             0           0             0               0      0       0       3       0       0       0       0
138      3      0       2       3        1            1            0          "Silverheart Magic Armor"            150     293       0              100          379        143           58             0           0             0               0      0       0       0       3       0       0       0
139      3      0       2       3        1            1            0          "Silverheart Lord Armor"             150     271       0              100          379        65            17             0           0             0               0      0       0       0       0       3       0       0
140      3      0       2       2        1            1            0          "Silverheart Summoner Armor"         150     267       0              100          379        38            13             0           0             0               0      0       0       0       0       0       3       0
141      3      0       2       3        1            1            0          "Silverheart Fighter Armor"          150     276       0              100          379        81            0              0           0             0               0      0       0       0       0       0       0       3
//============================================================================================================================================================================================================================================================================================================================================================
//Sets Manticore
//============================================================================================================================================================================================================================================================================================================================================================
142		 3	    0	    2	    2	     1	          1	           0	      "Manticore Wizard Armor"			   150	   307	     0	    	    100			 379		46	      	  15			 0			 0		       0			   0      3       0       0       0       0       0       0
143	     3	    0	    2	    2	     1	          1	           0	      "Manticore Knight Armor"			   150	   339	     0	    	    100			 379		174	      	  51			 0			 0		       0			   0      0       3       0       0       0       0       0
144	     3	    0	    2	    2	     1	          1	           0	      "Manticore Elf Armor"			  	   150	   319	     0	    	    100			 379		39	      	  87			 0			 0		       0			   0      0       0       3       0       0       0       0
145	     3	    0	    2	    2	     1	          1	           0	      "Manticore Magic Armor"			   150	   338	     0	    	    100			 379		143	      	  58			 0			 0		       0			   0      0       0       0       3       0       0       0
146	     3	    0	    2	    2	     1	          1	           0	      "Manticore Lord Armor"			   150	   316	     0	    	    100			 379		65	      	  17			 0			 0		       0			   0      0       0       0       0       3       0       0
147	     3	    0	    2	    2	     1	          1	           0	      "Manticore Summon Armor"			   150	   321	     0	    	    100			 379		38	      	  13			 0			 0		       0			   0      0       0       0       0       0       3       0
148	     3	    0	    2	    2	     1	          1	           0	      "Manticore Fighter Armor"		   	   150	   312   	 0	    	    100			 379		81	      	  0 			 0			 0		       0			   0      0       0       0       0       0       0       3
//============================================================================================================================================================================================================================================================================================================================================================
//Sets Brilliant
//============================================================================================================================================================================================================================================================================================================================================================
149		 3	    0	    2	    2	     1	          1	           0	      "Brilliant Wizard Armor"			   150	   428	     0	    	    100			 379		46	      	  15			 0			 0		       0			   0      3       0       0       0       0       0       0
150	     3	    0	    2	    2	     1	          1	           0	      "Brilliant Knight Armor"			   150	   463	     0	    	    100			 379		174	      	  51			 0			 0		       0			   0      0       3       0       0       0       0       0
151	     3	    0	    2	    2	     1	          1	           0	      "Brilliant Elf Armor"			  	   150	   442	     0	    	    100			 379		39	      	  87			 0			 0		       0			   0      0       0       3       0       0       0       0
152	     3	    0	    2	    2	     1	          1	           0	      "Brilliant Magic Armor"			   150	   438	     0	    	    100			 379		143	      	  58			 0			 0		       0			   0      0       0       0       3       0       0       0
153	     3	    0	    2	    2	     1	          1	           0	      "Brilliant Lord Armor"			   150	   438	     0	    	    100			 379		65	      	  17			 0			 0		       0			   0      0       0       0       0       3       0       0
154	     3	    0	    2	    2	     1	          1	           0	      "Brilliant Summon Armor"			   150	   433	     0	    	    100			 379		38	      	  13			 0			 0		       0			   0      0       0       0       0       0       3       0
155	     3	    0	    2	    2	     1	          1	           0	      "Brilliant Fighter Armor"		   	   150	   444   	 0	    	    100			 379		81	      	  0 			 0			 0		       0			   0      0       0       0       0       0       0       3
//============================================================================================================================================================================================================================================================================================================================================================
//Sets Apocalypse
//============================================================================================================================================================================================================================================================================================================================================================
156		 3	    0	    2	    2	     1	          1	           0	      "Apocalypse Wizard Armor"			   150	   307	     0	    	    100			 379		46	      	  15			 0			 0		       0			   0      3       0       0       0       0       0       0
157	     3	    0	    2	    2	     1	          1	           0	      "Apocalypse Knight Armor"			   150	   339	     0	    	    100			 379		174	      	  51			 0			 0		       0			   0      0       3       0       0       0       0       0
158	     3	    0	    2	    2	     1	          1	           0	      "Apocalypse Elf Armor"			   150	   319	     0	    	    100			 379		39	      	  87			 0			 0		       0			   0      0       0       3       0       0       0       0
159	     3	    0	    2	    2	     1	          1	           0	      "Apocalypse Magic Armor"			   150	   338	     0	    	    100			 379		143	      	  58			 0			 0		       0			   0      0       0       0       3       0       0       0
160	     3	    0	    2	    2	     1	          1	           0	      "Apocalypse Lord Armor"			   150	   316	     0	    	    100			 379		65	      	  17			 0			 0		       0			   0      0       0       0       0       3       0       0
161	     3	    0	    2	    2	     1	          1	           0	      "Apocalypse Summon Armor"			   150	   321	     0	    	    100			 379		38	      	  13			 0			 0		       0			   0      0       0       0       0       0       3       0
162	     3	    0	    2	    2	     1	          1	           0	      "Apocalypse Fighter Armor"		   150	   312   	 0	    	    100			 379		81	      	  0 			 0			 0		       0			   0      0       0       0       0       0       0       3
//============================================================================================================================================================================================================================================================================================================================================================
//Sets Primordial Lightning
//============================================================================================================================================================================================================================================================================================================================================================
163		 3	    0	    2	    2	     1	          1	           0	      "Lightning Wizard Armor"			   150	   428	     0	    	    100			 379		46	      	  15			 0			 0		       0			   0      3       0       0       0       0       0       0
164	     3	    0	    2	    2	     1	          1	           0	      "Lightning Knight Armor"			   150	   463	     0	    	    100			 379		174	      	  51			 0			 0		       0			   0      0       3       0       0       0       0       0
165	     3	    0	    2	    2	     1	          1	           0	      "Lightning Elf Armor"			  	   150	   442	     0	    	    100			 379		39	      	  87			 0			 0		       0			   0      0       0       3       0       0       0       0
166	     3	    0	    2	    2	     1	          1	           0	      "Lightning Magic Armor"			   150	   438	     0	    	    100			 379		143	      	  58			 0			 0		       0			   0      0       0       0       3       0       0       0
167	     3	    0	    2	    2	     1	          1	           0	      "Lightning Lord Armor"			   150	   438	     0	    	    100			 379		65	      	  17			 0			 0		       0			   0      0       0       0       0       3       0       0
168	     3	    0	    2	    2	     1	          1	           0	      "Lightning Summon Armor"			   150	   433	     0	    	    100			 379		38	      	  13			 0			 0		       0			   0      0       0       0       0       0       3       0
169	     3	    0	    2	    2	     1	          1	           0	      "Lightning Fighter Armor"		   	   150	   444   	 0	    	    100			 379		81	      	  0 			 0			 0		       0			   0      0       0       0       0       0       0       3
//============================================================================================================================================================================================================================================================================================================================================================
//Sets Customs MuOnline
//============================================================================================================================================================================================================================================================================================================================================================
300      3      0       2       3        1            1            0          "Imperial Dragon Armor[Z-1]"                   132     81        0              86           380        222           32             0           0             0               0      0       1       0       0       0       0       0
301      3      0       2       3        1            1            0          "Brave Armor(380)"                   128     62        0              86           380        74            162            0           0             0               0      0       1       0       0       0       0       0
302      3      0       2       3        1            1            0          "Phantom Armor(380)"                 131     80        0              86           380        212           57             0           0             0               0      0       0       0       1       0       0       0
303      3      0       2       3        1            1            0          "Destroy Armor(380)"                 125     66        0              86           380        62            19             165         0             0               0      0       0       0       1       0       0       0
304      3      0       2       2        1            1            0          "Seraphim Armor(380)"                129     60        0              86           380        55            197            0           0             0               0      0       0       1       0       0       0       0
305      3      0       2       2        1            1            0          "Divine Armor(380)"                  122     52        0              86           380        32            29             138         0             0               0      0       0       1       0       0       0       0
306      3      0       2       3        1            1            0          "Royal Armor(380)"                   132     58        0              86           380        105           38             0           0             0               0      0       0       0       0       1       0       0
307      3      0       2       3        1            1            0          "Hades Armor(380)"                   129     50        0              86           380        60            15             181         0             0               0      1       0       0       0       0       0       0
308	 	 3		0		2		2	 	 1	      	  1	           0	      "Queen Armor(380)"			   	   115	   80	     0	            86	         380	    53	          15	         176	     0	           0	           0	  0	 	  0	  	  0	 	  0	  	  0	 	  2	  	  0
309      3      0       2       3        1            1            0          "New Dragon Armor"                   111     63        0              86           380        222           32             0           0             0               0      0       1       0       0       0       0       0
310      3      0       2       3        1            1            0          "New Guardian Armor"                 111     63        0              86           380        222           32             0           0             0               0      0       0       1       0       0       0       0
311      3      0       2       3        1            1            0          "New Legendary Armor"                111     63        0              86           380        222           32             0           0             0               0      1       0       0       0       0       0       0
end

9
//Type   Slot   Skill   Width   Height   HaveSerial   HaveOption   DropItem   Name                                 Level   Defense   MagicDefense   Durability   ReqLevel   ReqStrength   ReqDexterity   ReqEnergy   ReqVitality   ReqLeadership   None   DW      DK      FE      MG      DL      SU      RF
0        4      0       2       2        1            1            1          "Bronze Pants"                       15      10        0              34           0          80            20             0           0             0               0      0       1       0       1       1       0       0
1        4      0       2       2        1            1            1          "Dragon Pants"                       55      26        0              68           0          120           30             0           0             0               0      0       1       0       1       0       0       0
2        4      0       2       2        1            1            1          "Pad Pants"                          8       5         0              28           0          30            0              0           0             0               0      1       0       0       1       0       0       0
3        4      0       2       2        1            1            1          "Legendary Pants"                    53      20        0              42           0          40            0              0           0             0               0      1       0       0       1       0       0       0
4        4      0       2       2        1            1            1          "Bone Pants"                         20      10        0              30           0          40            0              0           0             0               0      1       0       0       1       0       0       0
5        4      0       2       2        1            1            1          "Leather Pants"                      8       7         0              30           0          80            0              0           0             0               0      0       1       0       1       1       0       0
6        4      0       2       2        1            1            1          "Scale Pants"                        25      14        0              40           0          110           0              0           0             0               0      0       1       0       1       1       0       1
7        4      0       2       2        1            1            1          "Sphinx Pants"                       34      15        0              36           0          40            0              0           0             0               0      1       0       0       1       0       0       0
8        4      0       2       2        1            1            1          "Brass Pants"                        35      18        0              44           0          100           30             0           0             0               0      0       1       0       1       0       0       1
9        4      0       2       2        1            1            1          "Plate Pants"                        45      22        0              50           0          130           0              0           0             0               0      0       1       0       1       0       0       1
10       4      0       2       2        1            1            1          "Vine Pants"                         8       6         0              22           0          30            60             0           0             0               0      0       0       1       0       0       0       0
11       4      0       2       2        1            1            1          "Silk Pants"                         18      10        0              26           0          30            70             0           0             0               0      0       0       1       0       0       0       0
12       4      0       2       2        1            1            1          "Wind Pants"                         30      14        0              32           0          30            80             0           0             0               0      0       0       1       0       0       0       0
13       4      0       2       2        1            1            1          "Spirit Pants"                       42      18        0              38           0          40            80             0           0             0               0      0       0       1       0       0       0       0
14       4      0       2       2        1            1            1          "Guardian Pants"                     54      25        0              45           0          40            80             0           0             0               0      0       0       1       0       0       0       0
15       4      0       2       2        1            1            1          "Storm Crow Pants"                   74      34        0              80           0          150           70             0           0             0               0      0       0       0       1       0       0       0
16       4      0       2       2        1            1            1          "Black Dragon Pants"                 84      40        0              74           0          170           60             0           0             0               0      0       1       0       0       0       0       0
17       4      0       2       2        1            1            1          "Dark Phoenix Pants"                 96      54        0              80           0          207           63             0           0             0               0      0       2       0       0       0       0       0
18       4      0       2       2        1            1            1          "Grand Soul Pants"                   86      30        0              67           0          59            20             0           0             0               0      2       0       0       0       0       0       0
19       4      0       2       2        1            1            1          "Divine Pants"                       88      39        0              74           0          50            110            0           0             0               0      0       0       2       0       0       0       0
20       4      0       2       2        1            1            1          "Thunder Hawk Pants"                 99      49        0              82           0          150           70             0           0             0               0      0       0       0       1       0       0       0
21       4      0       2       2        1            1            1          "Great Dragon Pants"                 113     65        0              86           0          200           58             0           0             0               0      0       2       0       0       0       0       0
22       4      0       2       2        1            1            1          "Dark Soul Pants"                    117     39        0              75           0          55            18             0           0             0               0      2       0       0       0       0       0       0
23       4      0       2       2        1            1            1          "Hurricane Pants"                    122     61        0              90           0          162           66             0           0             0               0      0       0       0       1       0       0       0
24       4      0       2       2        1            1            1          "Red Spirit Pants"                   100     48        0              80           0          52            115            0           0             0               0      0       0       2       0       0       0       0
25       4      0       2       2        1            1            1          "Light Plate Pants"                  50      21        0              42           0          70            20             0           0             0               0      0       0       0       0       1       0       0
26       4      0       2       2        1            1            1          "Adamantine Pants"                   70      26        0              56           0          77            21             0           0             0               0      0       0       0       0       1       0       0
27       4      0       2       2        1            1            1          "Dark Steel Pants"                   92      31        0              70           0          84            22             0           0             0               0      0       0       0       0       1       0       0
28       4      0       2       2        1            1            1          "Dark Master Pants"                  110     39        0              78           0          80            21             0           0             0               0      0       0       0       0       1       0       0
29       4      0       2       2        1            1            1          "Dragon Knight Pants"                134     78        0              90           380        170           60             0           0             0               0      0       2       0       0       0       0       0
30       4      0       2       2        1            1            1          "Venom Mist Pants"                   135     55        0              86           380        44            15             0           0             0               0      2       0       0       0       0       0       0
31       4      0       2       2        1            1            1          "Sylphid Ray Pants"                  135     61        0              86           380        38            80             0           0             0               0      0       0       2       0       0       0       0
32       4      0       2       2        1            1            1          "Volcano Pants"                      135     74        0              95           380        145           60             0           0             0               0      0       0       0       1       0       0       0
33       4      0       2       2        1            1            1          "Sunlight Pants"                     140     52        0              82           380        62            16             0           0             0               0      0       0       0       0       1       0       0
34       4      0       2       2        1            1            1          "Ashcrow Pants"                      69      33        0              72           0          160           50             0           0             0               0      0       1       0       0       0       0       0
35       4      0       2       2        1            1            1          "Eclipse Pants"                      69      25        0              54           0          53            12             0           0             0               0      1       0       0       0       0       0       0
36       4      0       2       2        1            1            1          "Iris Pants"                         69      32        0              59           0          50            70             0           0             0               0      0       0       1       0       0       0       0
37       4      0       2       2        1            1            1          "Valiant Pants"                      101     41        0              81           0          155           50             0           0             0               0      0       0       0       1       0       0       0
38       4      0       2       2        1            1            1          "Glorious Pants"                     101     35        0              74           0          80            21             0           0             0               0      0       0       0       0       1       0       0
39       4      0       2       2        1            1            1          "Violent Wind Pants"                 30      16        0              36           0          36            0              0           0             0               0      0       0       0       0       0       1       0
40       4      0       2       2        1            1            1          "Red Wing Pants"                     53      22        0              42           0          35            7              0           0             0               0      0       0       0       0       0       1       0
41       4      0       2       2        1            1            1          "Ancient Pants"                      72      28        0              54           0          49            16             0           0             0               0      0       0       0       0       0       1       0
42       4      0       2       2        1            1            1          "Demonic Pants"                      86      37        0              67           0          60            20             0           0             0               0      0       0       0       0       0       2       0
43       4      0       2       2        1            1            1          "Storm Blitz Pants"                  117     49        0              75           380        57            19             0           0             0               0      0       0       0       0       0       2       0
44       4      0       2       2        1            1            1          "Eternal Pants"                 	   117     49        0              75           379        57            19             0           0             0               0      0       0       0       0       0       2       0
45       4      0       2       2        1            1            1          "Titan  Pants"                       116     74        0              86           380        222           32             0           0             0               0      0       1       0       0       0       0       0
46       4      0       2       2        1            1            1          "Brave Pants"                        112     58        0              86           380        74            162            0           0             0               0      0       1       0       0       0       0       0
47       4      0       2       2        1            1            1          "Phantom  Pants"                     115     66        0              86           380        212           57             0           0             0               0      0       0       0       1       0       0       0
48       4      0       2       2        1            1            1          "Destroy Pants"                      113     51        0              86           380        62            19             165         0             0               0      0       0       0       1       0       0       0
49       4      0       2       2        1            1            1          "Seraphim Pants"                     116     53        0              86           380        55            197            0           0             0               0      0       0       1       0       0       0       0
50       4      0       2       2        1            1            1          "Divine Pants"                       109     46        0              86           380        32            29             138         0             0               0      0       0       1       0       0       0       0
51       4      0       2       2        1            1            1          "Royal Pants"                        116     46        0              86           380        105           38             0           0             0               0      0       0       0       0       1       0       0
52       4      0       2       2        1            1            1          "Hades Pants"                        114     44        0              86           380        60            15             181         0             0               0      1       0       0       0       0       0       0
53	     4		0		2	    2	     1	          1	      	   1  	      "Queen Pants"			  		   	   115	   80	     0	            86	         0	        53	          15	         176	     0	           0	           0	  0	  	  0	  	  0	  	  0	  	  0	  	  2	 	  0
59       4      0       2       2        1            1            1          "Sacred Pants"                       62      33        0              52           0          85            0              0           75            0               0      0       0       0       0       0       0       1
60       4      0       2       2        1            1            1          "Storm Hard Pants"                   78      41        0              68           0          100           0              0           90            0               0      0       0       0       0       0       0       1
61       4      0       2       2        1            1            1          "Piercing Pants"                     95      49        0              82           0          115           0              0           100           0               0      0       0       0       0       0       0       1
62       4      0       2       2        0            0            0          "Lucky Scale Pants"                  25      18        0              255          1          0             0              0           0             0               0      0       1       0       1       1       0       1
63       4      0       2       2        0            0            0          "Lucky Silk Pants"                   18      13        0              255          1          0             0              0           0             0               0      0       0       1       0       0       0       0
64       4      0       2       2        0            0            0          "Lucky Sphinx Pants"                 34      19        0              255          1          0             0              0           0             0               0      1       0       0       0       0       0       0
65       4      0       2       2        0            0            0          "Lucky Violent Wind Pants"           30      20        0              255          1          0             0              0           0             0               0      0       0       0       0       0       1       0
66       4      0       2       2        0            0            0          "Lucky Dark Soul Pants"              70      31        0              255          150        0             0              0           0             0               0      0       0       0       0       1       0       0
67       4      0       2       2        0            0            0          "Lucky Dragon Pants"                 55      28        0              255          150        0             0              0           0             0               0      0       1       0       0       0       0       0
68       4      0       2       2        0            0            0          "Lucky Guardian Pants"               54      30        0              255          150        0             0              0           0             0               0      0       0       1       0       0       0       0
69       4      0       2       2        0            0            0          "Lucky Legendary Pants"              53      25        0              255          150        0             0              0           0             0               0      1       0       0       0       0       0       0
70       4      0       2       2        0            0            0          "Lucky Red Wing Pants"               53      26        0              255          150        0             0              0           0             0               0      0       0       0       0       0       1       0
71       4      0       2       2        0            0            0          "Lucky Atlans Pants"                 74      39        0              255          150        0             0              0           0             0               0      0       0       0       1       0       0       0
72       4      0       2       2        0            0            0          "Lucky Storm Hard Pants"             78      33        0              255          150        0             0              0           0             0               0      0       0       0       0       0       0       1
73	     4		0		2		2	 	 1	      	  1	           1	      "Phoenix Soul Pants"	               134	   68	     0	            88	         380	    97	          0	         	 0	     	 85	           0	           0	  0	  	  0	  	  0	  	  0	      0	  	  0	  	  1	
//============================================================================================================================================================================================================================================================================================================================================================
//																Customs Items MuOnline (Ex700 a S.16 -Oficiales)
//============================================================================================================================================================================================================================================================================================================================================================
//============================================================================================================================================================================================================================================================================================================================================================
//Sets ex700
//============================================================================================================================================================================================================================================================================================================================================================
88       4      0       2       2        1            1            1          "Magic Knight Pants"                 145     60        0              90           379        48            17             142         0             0               0      0       0       0       3       0       0       0  
89       4      0       2       2        1            1            1          "Lazy Wind Pants"                    145     75        0              90           379        67            151            0           0             0               0      0       3       0       0       0       0       0  
90       4      0       2       2        1            1            1          "Dark Devil Pants"                   145     53        0              90           379        45            13             171         0             0               0      3       0       0       0       0       0       0  
91       4      0       2       2        1            1            1          "Stormwing Pants"                    145     83        0              90           379        200           33             0           0             0               0      0       3       0       0       0       0       0  
92       4      0       2       2        1            1            1          "Sticky Pants"                       145     62        0              90           379        48            180            0           0             0               0      0       0       3       0       0       0       0  
93       4      0       2       2        1            1            1          "Hell Night Pants"                   145     75        0              90           379        194           52             0           0             0               0      0       0       0       3       0       0       0  
94       4      0       2       2        1            1            1          "Ambition Pants"                     145     55        0              90           379        112           22             0           0             0               0      0       0       0       0       3       0       0  
95       4      0       2       2        1            1            1          "Succubus Pants"                     145     50        0              90           379        56            19             157         0             0               0      0       0       0       0       0       3       0  
96	     4	    0	    2	    2	     1	          1	           1	      "BloodyDragon Pants"			       145	   63	     0	            86		     379		222			  32			 0			 0			   0		       0	  0		  0		  0		  0		  0	      0		  3
97       4      0       2       2        1            1            1          "Light Lord Pants"                   145     55        0              90           379        14            31             127         0             0               0      0       0       3       0       0       0       0  
//============================================================================================================================================================================================================================================================================================================================================================
//Sets RF S12
//============================================================================================================================================================================================================================================================================================================================================================
98       4      0       2       2        1            1            1          "Tigris Pants"                       111     53        0              86           379        68            20             0           0             0               0      0       0       0       0       0       0       1
99       4      0       2       2        1            1            1          "Crimson Skull Pants"                143     62        0              90           379        73            21             0           0             0               0      0       0       0       0       0       0       1
//============================================================================================================================================================================================================================================================================================================================================================
//Sets BloodAngel
//============================================================================================================================================================================================================================================================================================================================================================
100      4      0       2       2        1            1            0          "Bloodangel Wizard Pants"            150     49        0              100          379        44            14             0           0             0               0      3       0       0       0       0       0       0
101      4      0       2       2        1            1            0          "Bloodangel Knight Pants"            150     75        0              100          379        157           45             0           0             0               0      0       3       0       0       0       0       0
102      4      0       2       2        1            1            0          "Bloodangel Elf Pant"           	   150     58        0              100          379        36            80             0           0             0               0      0       0       3       0       0       0       0
103      4      0       2       2        1            1            0          "Bloodangel Magic Pants"         	   150     71        0              100          379        136           56             0           0             0               0      0       0       0       3       0       0       0
104      4      0       2       2        1            1            0          "Bloodangel Lord Pants"              150     49        0              100          379        61            16             0           0             0               0      0       0       0       0       3       0       0
105      4      0       2       2        1            1            0          "Bloodangel Summoner Pants"          150     47        0              100          379        36            12             0           0             0               0      0       0       0       0       0       3       0
106      4      0       2       2        1            1            0          "Bloodangel Fighter Pants"           150     56        0              100          379        76            0              0           0             0               0      0       0       0       0       0       0       3
//============================================================================================================================================================================================================================================================================================================================================================
//Sets DarkAngel
//============================================================================================================================================================================================================================================================================================================================================================
107      4      0       2       2        1            1            0          "Darkangel Wizard Pants"             150     74        0              100          379        44            14             0           0             0               0      3       0       0       0       0       0       0
108      4      0       2       2        1            1            0          "Darkangel Knight Pants"             150     100       0              100          379        157           45             0           0             0               0      0       3       0       0       0       0       0
109      4      0       2       2        1            1            0          "Darkangel Elf Pants"                150     83        0              100          379        36            80             0           0             0               0      0       0       3       0       0       0       0
110      4      0       2       2        1            1            0          "Darkangel Magic Pants"              150     96        0              100          379        136           56             0           0             0               0      0       0       0       3       0       0       0
111      4      0       2       2        1            1            0          "Darkangel Lord Pants"               150     74        0              100          379        61            16             0           0             0               0      0       0       0       0       3       0       0
112      4      0       2       2        1            1            0          "Darkangel Summoner Pants"           150     72        0              100          379        36            12             0           0             0               0      0       0       0       0       0       3       0
113      4      0       2       2        1            1            0          "Darkangel Fighter Pants"            150     81        0              100          379        76            0              0           0             0               0      0       0       0       0       0       0       3
//============================================================================================================================================================================================================================================================================================================================================================
//Sets HolyAngel
//============================================================================================================================================================================================================================================================================================================================================================
114      4      0       2       2        1            1            0          "Holyangel Wizard Pants"             150     150       0              100          379        157           45             0           0             0               0      3       0       0       0       0       0       0
115      4      0       2       2        1            1            0          "Holyangel Knight Pants"             150     124       0              100          379        44            14             0           0             0               0      0       3       0       0       0       0       0
116      4      0       2       2        1            1            0          "Holyangel Elf Pants"                150     133       0              100          379        36            80             0           0             0               0      0       0       3       0       0       0       0
117      4      0       2       2        1            1            0          "Holyangel Lord Pants"               150     124       0              100          379        61            16             0           0             0               0      0       0       0       0       3       0       0
118      4      0       2       2        1            1            0          "Holyangel Summoner Pants"           150     122       0              100          379        36            12             0           0             0               0      0       0       0       0       0       3       0
119      4      0       2       2        1            1            0          "Holyangel Fighter Pants"            150     131       0              100          379        76            0              0           0             0               0      0       0       0       0       0       0       3
120      4      0       2       2        1            1            0          "Holyangel Magic Pants"              150     136       0              100          379        136           56             0           0             0               0      0       0       0       3       0       0       0
//============================================================================================================================================================================================================================================================================================================================================================
//Sets Awakening Soul 
//============================================================================================================================================================================================================================================================================================================================================================
121      4      0       2       2        1            1            0          "Awakening Soul Wizard Pants"        150     169       0              100          379        44            14             0           0             0               0      3       0       0       0       0       0       0
122      4      0       2       2        1            1            0          "Awakening Soul Knight Pants"        150     195       0              100          379        157           45             0           0             0               0      0       3       0       0       0       0       0
123      4      0       2       2        1            1            0          "Awakening Soul Elf Pants"       	   150     180       0              100          379        36            80             0           0             0               0      0       0       3       0       0       0       0
124      4      0       2       2        1            1            0          "Awakening Soul Magic Pants"     	   150     181       0              100          379        136           56             0           0             0               0      0       0       0       3       0       0       0
125      4      0       2       2        1            1            0          "Awakening Soul Lord Pants"          150     169       0              100          379        61            16             0           0             0               0      0       0       0       0       3       0       0
126      4      0       2       2        1            1            0          "Awakening Soul Summoner Pants"      150     169       0              100          379        36            12             0           0             0               0      0       0       0       0       0       3       0
127      4      0       2       2        1            1            0          "Awakening Soul Fighter Pants"       150     176       0              100          379        76            0              0           0             0               0      0       0       0       0       0       0       3
//============================================================================================================================================================================================================================================================================================================================================================
//Sets Blue Eye 
//============================================================================================================================================================================================================================================================================================================================================================
128      4      0       2       2        1            1            0          "Blue Eye Wizard Pants"              150     214       0              100          379        44            14             0           0             0               0      3       0       0       0       0       0       0
129      4      0       2       2        1            1            0          "Blue Eye Knight Pants"              150     240       0              100          379        157           45             0           0             0               0      0       3       0       0       0       0       0
130      4      0       2       2        1            1            0          "Blue Eye Elf Pants"        	       150     225       0              100          379        36            80             0           0             0               0      0       0       3       0       0       0       0
131      4      0       2       2        1            1            0          "Blue Eye Magic Pants"      	       150     226       0              100          379        136           56             0           0             0               0      0       0       0       3       0       0       0
132      4      0       2       2        1            1            0          "Blue Eye Lord Pants"                150     214       0              100          379        61            16             0           0             0               0      0       0       0       0       3       0       0
133      4      0       2       2        1            1            0          "Blue Eye Summoner Pants"            150     214       0              100          379        36            12             0           0             0               0      0       0       0       0       0       3       0
134      4      0       2       2        1            1            0          "Blue Eye Fighter Pants"             150     221       0              100          379        76            0              0           0             0               0      0       0       0       0       0       0       3
//============================================================================================================================================================================================================================================================================================================================================================
//Sets SilverHeart
//============================================================================================================================================================================================================================================================================================================================================================
135      4      0       2       2        1            1            0          "Silverheart Wizard Pants"           150     259       0              100          379        44            14             0           0             0               0      3       0       0       0       0       0       0
136      4      0       2       2        1            1            0          "Silverheart Knight Pants"           150     285       0              100          379        157           45             0           0             0               0      0       3       0       0       0       0       0
137      4      0       2       2        1            1            0          "Silverheart Elf Pants"          	   150     270       0              100          379        36            80             0           0             0               0      0       0       3       0       0       0       0
138      4      0       2       2        1            1            0          "Silverheart Magic Pants"        	   150     271       0              100          379        136           56             0           0             0               0      0       0       0       3       0       0       0
139      4      0       2       2        1            1            0          "Silverheart Lord Pants"             150     259       0              100          379        61            16             0           0             0               0      0       0       0       0       3       0       0
140      4      0       2       2        1            1            0          "Silverheart Summoner Pants"         150     259       0              100          379        36            12             0           0             0               0      0       0       0       0       0       3       0
141      4      0       2       2        1            1            0          "Silverheart Fighter Pants"          150     266       0              100          379        76            0              0           0             0               0      0       0       0       0       0       0       3
//============================================================================================================================================================================================================================================================================================================================================================
//Sets Manticore
//============================================================================================================================================================================================================================================================================================================================================================
142		 4	    0	    2	    2	     1	          1	           0	      "Manticore Wizard Pants"			   150	   304	     0	    	    100			 379		44	  		  14			 0			 0		       0			   0	  3		  0		  0		  0		  0		  0		  0
143	     4	    0	    2	    2	     1	          1	           0	      "Manticore Knight Pants"			   150	   330	     0	    	    100			 379		15	  		  45			 0			 0		       0			   0	  0		  3		  0		  0		  0		  0		  0
144	     4	    0	    2	    2	     1	          1	           0	      "Manticore Elf Pants"			  	   150	   315	     0	    	    100			 379		36	  		  80			 0			 0		       0			   0	  0		  0		  3		  0		  0		  0		  0
145	     4	    0	    2	    2	     1	          1	           0	      "Manticore Magic Pants"			   150	   316	     0	    	    100			 379		13	  		  56			 0			 0		       0			   0	  0		  0		  0		  3		  0		  0		  0
146	     4	    0	    2	    2	     1	          1	           0	      "Manticore Lord Pants"			   150	   304	     0	    	    100			 379		61	  		  16			 0			 0		       0			   0	  0		  0		  0		  0		  3		  0		  0
147	     4	    0	    2	    2	     1	          1	           0	      "Manticore Summon Pants"			   150	   304	     0	    	    100			 379		36	  		  12			 0			 0		       0			   0	  0		  0		  0		  0		  0		  3		  0
148	     4	    0	    2	    2	     1	          1	           0	      "Manticore Fighter Pants"		   	   150	   311	     0	    	    100			 379		76	  		  0			     0			 0		       0			   0	  0		  0		  0		  0		  0		  0		  3
//============================================================================================================================================================================================================================================================================================================================================================
//Sets Manticore
//============================================================================================================================================================================================================================================================================================================================================================
149		 4	    0	    2	    2	     1	          1	           0	      "Brilliant Wizard Pants"			   150	   428	     0	    	    100			 379		44	  		  14			 0			 0		       0			   0	  3		  0		  0		  0		  0		  0		  0
150	     4	    0	    2	    2	     1	          1	           0	      "Brilliant Knight Pants"			   150	   454	     0	    	    100			 379		15	  		  45			 0			 0		       0			   0	  0		  3		  0		  0		  0		  0		  0
151	     4	    0	    2	    2	     1	          1	           0	      "Brilliant Elf Pants"			  	   150	   442 	     0	    	    100			 379		36	  		  80			 0			 0		       0			   0	  0		  0		  3		  0		  0		  0		  0
152	     4	    0	    2	    2	     1	          1	           0	      "Brilliant Magic Pants"			   150	   438	     0	    	    100			 379		13	  		  56			 0			 0		       0			   0	  0		  0		  0		  3		  0		  0		  0
153	     4	    0	    2	    2	     1	          1	           0	      "Brilliant Lord Pants"			   150	   438	     0	    	    100			 379		61	  		  16			 0			 0		       0			   0	  0		  0		  0		  0		  3		  0		  0
154	     4	    0	    2	    2	     1	          1	           0	      "Brilliant Summon Pants"			   150	   433	     0	    	    100			 379		36	  		  12			 0			 0		       0			   0	  0		  0		  0		  0		  0		  3		  0
155	     4	    0	    2	    2	     1	          1	           0	      "Brilliant Fighter Pants"		   	   150	   444	     0	    	    100			 379		76	  		  0			     0			 0		       0			   0	  0		  0		  0		  0		  0		  0		  3
//============================================================================================================================================================================================================================================================================================================================================================
//Sets Apocalypse
//============================================================================================================================================================================================================================================================================================================================================================
156		 4	    0	    2	    2	     1	          1	           0	      "Apocalypse Wizard Pants"			   150	   304	     0	    	    100			 379		44	  		  14			 0			 0		       0			   0	  3		  0		  0		  0		  0		  0		  0
157	     4	    0	    2	    2	     1	          1	           0	      "Apocalypse Knight Pants"			   150	   330	     0	    	    100			 379		15	  		  45			 0			 0		       0			   0	  0		  3		  0		  0		  0		  0		  0
158	     4	    0	    2	    2	     1	          1	           0	      "Apocalypse Elf Pants"			   150	   315	     0	    	    100			 379		36	  		  80			 0			 0		       0			   0	  0		  0		  3		  0		  0		  0		  0
159	     4	    0	    2	    2	     1	          1	           0	      "Apocalypse Magic Pants"			   150	   316	     0	    	    100			 379		13	  		  56			 0			 0		       0			   0	  0		  0		  0		  3		  0		  0		  0
160	     4	    0	    2	    2	     1	          1	           0	      "Apocalypse Lord Pants"			   150	   304	     0	    	    100			 379		61	  		  16			 0			 0		       0			   0	  0		  0		  0		  0		  3		  0		  0
161	     4	    0	    2	    2	     1	          1	           0	      "Apocalypse Summon Pants"			   150	   304	     0	    	    100			 379		36	  		  12			 0			 0		       0			   0	  0		  0		  0		  0		  0		  3		  0
162	     4	    0	    2	    2	     1	          1	           0	      "Apocalypse Fighter Pants"		   150	   311	     0	    	    100			 379		76	  		  0			     0			 0		       0			   0	  0		  0		  0		  0		  0		  0		  3
//============================================================================================================================================================================================================================================================================================================================================================
//Sets Primordial Lightning
//============================================================================================================================================================================================================================================================================================================================================================
163		 4	    0	    2	    2	     1	          1	           0	      "Lightning Wizard Pants"			   150	   428	     0	    	    100			 379		44	  		  14			 0			 0		       0			   0	  3		  0		  0		  0		  0		  0		  0
164	     4	    0	    2	    2	     1	          1	           0	      "Lightning Knight Pants"			   150	   454	     0	    	    100			 379		15	  		  45			 0			 0		       0			   0	  0		  3		  0		  0		  0		  0		  0
165	     4	    0	    2	    2	     1	          1	           0	      "Lightning Elf Pants"			  	   150	   442 	     0	    	    100			 379		36	  		  80			 0			 0		       0			   0	  0		  0		  3		  0		  0		  0		  0
166	     4	    0	    2	    2	     1	          1	           0	      "Lightning Magic Pants"			   150	   438	     0	    	    100			 379		13	  		  56			 0			 0		       0			   0	  0		  0		  0		  3		  0		  0		  0
167	     4	    0	    2	    2	     1	          1	           0	      "Lightning Lord Pants"			   150	   438	     0	    	    100			 379		61	  		  16			 0			 0		       0			   0	  0		  0		  0		  0		  3		  0		  0
168	     4	    0	    2	    2	     1	          1	           0	      "Lightning Summon Pants"			   150	   433	     0	    	    100			 379		36	  		  12			 0			 0		       0			   0	  0		  0		  0		  0		  0		  3		  0
169	     4	    0	    2	    2	     1	          1	           0	      "Lightning Fighter Pants"		   	   150	   444	     0	    	    100			 379		76	  		  0			     0			 0		       0			   0	  0		  0		  0		  0		  0		  0		  3
//============================================================================================================================================================================================================================================================================================================================================================
//Sets RF S12
//============================================================================================================================================================================================================================================================================================================================================================
300      4      0       2       2        1            1            0          "Imperial Dragon Pants[Z-1]"         116     74        0              86           380        222           32             0           0             0               0      0       1       0       0       0       0       0
301      4      0       2       2        1            1            0          "Brave Pants(380)"                   112     58        0              86           380        74            162            0           0             0               0      0       1       0       0       0       0       0
302      4      0       2       2        1            1            0          "Phantom  Pants(380)"                115     66        0              86           380        212           57             0           0             0               0      0       0       0       1       0       0       0
303      4      0       2       2        1            1            0          "Destroy Pants(380)"                 113     51        0              86           380        62            19             165         0             0               0      0       0       0       1       0       0       0
304      4      0       2       2        1            1            0          "Seraphim Pants(380)"                116     53        0              86           380        55            197            0           0             0               0      0       0       1       0       0       0       0
305      4      0       2       2        1            1            0          "Divine Pants(380)"                  109     46        0              86           380        32            29             138         0             0               0      0       0       1       0       0       0       0
306      4      0       2       2        1            1            0          "Royal Pants(380)"                   116     46        0              86           380        105           38             0           0             0               0      0       0       0       0       1       0       0
307      4      0       2       2        1            1            0          "Hades Pants(380)"                   114     44        0              86           380        60            15             181         0             0               0      1       0       0       0       0       0       0
308	     4		0		2		2		 1			  1	           0	      "Queen Armor(380)"			   	   115	   80	     0	            86	         380	    53	          15	         176	     0	           0	           0	  0	 	  0	  	  0	  	  0	 	  0	  	  2	  	  0
309      4      0       2       2        1            1            0          "New Dragon Pants"                   111     63        0              86           380        222           32             0           0             0               0      0       1       0       0       0       0       0
310      4      0       2       2        1            1            0          "New Guardian Pants"                 111     63        0              86           380        222           32             0           0             0               0      0       0       1       0       0       0       0
311      4    	0       2       2        1            1            0          "New Legendary Pants"                111     63        0              86           380        222           32             0           0             0               0      1       0       0       0       0       0       0
end


10
//Type   Slot   Skill   Width   Height   HaveSerial   HaveOption   DropItem   Name                                 Level   Defense   AttackSpeed   Durability   ReqLevel   ReqStrength   ReqDexterity   ReqEnergy   ReqVitality   ReqLeadership   None   DW      DK      FE      MG      DL      SU      RF
0        5      0       2       2        1            1            1          "Bronze Gloves"                      13      4         4             34           0          80            20             0           0             0               0      0       1       0       1       1       0       0
1        5      0       2       2        1            1            1          "Dragon Gloves"                      52      14        6             68           0          120           30             0           0             0               0      0       1       0       1       0       0       0
2        5      0       2       2        1            1            1          "Pad Gloves"                         3       2         0             28           0          20            0              0           0             0               0      1       0       0       1       0       0       0
3        5      0       2       2        1            1            1          "Legendary Gloves"                   44      11        0             42           0          20            0              0           0             0               0      1       0       0       1       0       0       0
4        5      0       2       2        1            1            1          "Bone Gloves"                        14      5         0             30           0          20            0              0           0             0               0      1       0       0       1       0       0       0
5        5      0       2       2        1            1            1          "Leather Gloves"                     4       2         8             30           0          80            0              0           0             0               0      0       1       0       1       1       0       0
6        5      0       2       2        1            1            1          "Scale Gloves"                       22      7         10            40           0          110           0              0           0             0               0      0       1       0       1       1       0       0
7        5      0       2       2        1            1            1          "Sphinx Gloves"                      28      8         0             36           0          20            0              0           0             0               0      1       0       0       1       0       0       0
8        5      0       2       2        1            1            1          "Brass Gloves"                       32      9         8             44           0          100           30             0           0             0               0      0       1       0       1       0       0       0
9        5      0       2       2        1            1            1          "Plate Gloves"                       42      12        4             50           0          130           0              0           0             0               0      0       1       0       1       0       0       0
10       5      0       2       2        1            1            1          "Vine Gloves"                        4       2         4             22           0          30            60             0           0             0               0      0       0       1       0       0       0       0
11       5      0       2       2        1            1            1          "Silk Gloves"                        14      4         8             26           0          30            70             0           0             0               0      0       0       1       0       0       0       0
12       5      0       2       2        1            1            1          "Wind Gloves"                        26      6         10            32           0          30            80             0           0             0               0      0       0       1       0       0       0       0
13       5      0       2       2        1            1            1          "Spirit Gloves"                      38      9         4             38           0          40            80             0           0             0               0      0       0       1       0       0       0       0
14       5      0       2       2        1            1            1          "Guardian Gloves"                    50      15        6             45           0          40            80             0           0             0               0      0       0       1       0       0       0       0
15       5      0       2       2        1            1            1          "Storm Crow Gloves"                  70      20        6             80           0          150           70             0           0             0               0      0       0       0       1       0       0       0
16       5      0       2       2        1            1            1          "Black Dragon Gloves"                76      22        6             74           0          170           60             0           0             0               0      0       1       0       0       0       0       0
17       5      0       2       2        1            1            1          "Dark Phoenix Gloves"                86      37        6             80           0          205           63             0           0             0               0      0       2       0       0       0       0       0
18       5      0       2       2        1            1            1          "Grand Soul Gloves"                  70      20        5             67           0          49            10             0           0             0               0      2       0       0       0       0       0       0
19       5      0       2       2        1            1            1          "Divine Gloves"                      72      29        6             74           0          50            110            0           0             0               0      0       0       2       0       0       0       0
20       5      0       2       2        1            1            1          "Thunder Hawk Gloves"                88      34        7             82           0          150           70             0           0             0               0      0       0       0       1       0       0       0
21       5      0       2       2        1            1            1          "Great Dragon Gloves"                94      48        6             86           0          200           58             0           0             0               0      0       2       0       0       0       0       0
22       5      0       2       2        1            1            1          "Dark Soul Gloves"                   87      30        6             75           0          55            18             0           0             0               0      2       0       0       0       0       0       0
23       5      0       2       2        1            1            1          "Hurricane Gloves"                   102     45        7             90           0          162           66             0           0             0               0      0       0       0       1       0       0       0
24       5      0       2       2        1            1            1          "Red Spirit Gloves"                  84      38        6             80           0          52            115            0           0             0               0      0       0       2       0       0       0       0
25       5      0       2       2        1            1            1          "Light Plate Gloves"                 42      12        7             42           0          70            20             0           0             0               0      0       0       0       0       1       0       0
26       5      0       2       2        1            1            1          "Adamantine Gloves"                  57      18        6             56           0          77            21             0           0             0               0      0       0       0       0       1       0       0
27       5      0       2       2        1            1            1          "Dark Steel Gloves"                  75      21        5             70           0          84            22             0           0             0               0      0       0       0       0       1       0       0
28       5      0       2       2        1            1            1          "Dark Master Gloves"                 89      29        4             78           0          80            21             0           0             0               0      0       0       0       0       1       0       0
29       5      0       2       2        1            1            1          "Dragon Knight Gloves"               114     60        7             90           380        170           60             0           0             0               0      0       2       0       0       0       0       0
30       5      0       2       2        1            1            1          "Venom Mist Gloves"                  111     44        7             86           380        44            15             0           0             0               0      2       0       0       0       0       0       0
31       5      0       2       2        1            1            1          "Sylphid Ray Gloves"                 111     50        7             86           380        38            80             0           0             0               0      0       0       2       0       0       0       0
32       5      0       2       2        1            1            1          "Volcano Gloves"                     127     55        7             95           380        145           60             0           0             0               0      0       0       0       1       0       0       0
33       5      0       2       2        1            1            1          "Sunlight Gloves"                    110     40        5             82           380        62            16             0           0             0               0      0       0       0       0       1       0       0
34       5      0       2       2        1            1            1          "Ashcrow Gloves"                     61      18        6             72           0          160           50             0           0             0               0      0       1       0       0       0       0       0
35       5      0       2       2        1            1            1          "Eclipse Gloves"                     61      15        6             54           0          53            12             0           0             0               0      1       0       0       0       0       0       0
36       5      0       2       2        1            1            1          "Iris Gloves"                        61      22        6             59           0          50            70             0           0             0               0      0       0       1       0       0       0       0
37       5      0       2       2        1            1            1          "Valiant Gloves"                     91      27        7             81           0          155           50             0           0             0               0      0       0       0       1       0       0       0
38       5      0       2       2        1            1            1          "Glorious Gloves"                    91      25        5             74           0          80            21             0           0             0               0      0       0       0       0       1       0       0
39       5      0       2       2        1            1            1          "Violent Wind Gloves"                24      9         6             36           0          22            0              0           0             0               0      0       0       0       0       0       1       0
40       5      0       2       2        1            1            1          "Red Wing Gloves"                    44      13        8             42           0          18            4              0           0             0               0      0       0       0       0       0       1       0
41       5      0       2       2        1            1            1          "Ancient Gloves"                     61      19        7             54           0          52            16             0           0             0               0      0       0       0       0       0       1       0
42       5      0       2       2        1            1            1          "Demonic Gloves"                     70      26        6             67           0          50            10             0           0             0               0      0       0       0       0       0       2       0
43       5      0       2       2        1            1            1          "Storm Blitz Gloves"                 87      34        6             75           380        56            20             0           0             0               0      0       0       0       0       0       2       0
44       5      0       2       2        1            1            1          "Eternal Gloves"                     87      34        6             75           379        56            20             0           0             0               0      0       0       0       0       0       2       0
45       5      0       2       2        1            1            1          "Titan  Gloves"                      100     56        7             86           380        222           32             0           0             0               0      0       1       0       0       0       0       0
46       5      0       2       2        1            1            1          "Brave Gloves"                       97      42        7             86           380        74            162            0           0             0               0      0       1       0       0       0       0       0
47       5      0       2       2        1            1            1          "Phantom  Gloves"                    101     49        7             86           380        212           57             0           0             0               0      0       0       0       1       0       0       0
48       5      0       2       2        1            1            1          "Destroy Gloves"                     99      40        7             86           380        62            19             165         0             0               0      0       0       0       1       0       0       0
49       5      0       2       2        1            1            1          "Seraphim Gloves"                    100     43        7             86           380        55            197            0           0             0               0      0       0       1       0       0       0       0
50       5      0       2       2        1            1            1          "Divine Gloves"                      95      36        7             86           380        32            29             138         0             0               0      0       0       1       0       0       0       0
51       5      0       2       2        1            1            1          "Royal Gloves"                       101     34        7             86           380        105           38             0           0             0               0      0       0       0       0       1       0       0
52       5      0       2       2        1            1            1          "Hades Gloves"                       100     31        7             86           380        60            15             181         0             0               0      1       0       0       0       0       0       0
53	     5		0		2		2	 	 1	      	  1	           1	      "Queen Gloves"			  	       115	   80	     0	           86	        0	       53	         15	         	176	    	0	          0	              0	  	 0	     0	  	 0	 	 0	     0	  	 2	  	 0
62       5      0       2       2        0            0            0          "Lucky Scale Gloves"                 22      10        10            255          1          0             0              0           0             0               0      0       1       0       0       1       0       1
63       5      0       2       2        0            0            0          "Lucky Silk Gloves"                  14      6         8             255          1          0             0              0           0             0               0      0       0       1       0       0       0       0
64       5      0       2       2        0            0            0          "Lucky Sphinx Gloves"                28      12        0             255          1          0             0              0           0             0               0      1       0       0       1       0       0       0
65       5      0       2       2        0            0            0          "Lucky Violent Wind Gloves"          24      13        6             255          1          0             0              0           0             0               0      0       0       0       0       0       1       0
66       5      0       2       2        0            0            0          "Lucky Dark Soul Gloves"             57      20        6             255          150        0             0              0           0             0               0      0       0       0       0       1       0       0
67       5      0       2       2        0            0            0          "Lucky Dragon Gloves"                52      19        6             255          150        0             0              0           0             0               0      0       1       0       0       0       0       0
68       5      0       2       2        0            0            0          "Lucky Guardian Gloves"              50      20        6             255          150        0             0              0           0             0               0      0       0       1       0       0       0       0
69       5      0       2       2        0            0            0          "Lucky Legendary Gloves"             44      16        0             255          150        0             0              0           0             0               0      1       0       0       0       0       0       0
70       5      0       2       2        0            0            0          "Lucky Red Wing Gloves"              44      18        8             255          150        0             0              0           0             0               0      0       0       0       0       0       1       0
71       5      0       2       2        0            0            0          "Lucky Atlans Gloves"                70      25        6             255          150        0             0              0           0             0               0      0       0       0       1       0       0       0
//============================================================================================================================================================================================================================================================================================================================================================
//																Customs Items MuOnline (Ex700 a S.16 -Oficiales)
//============================================================================================================================================================================================================================================================================================================================================================
//============================================================================================================================================================================================================================================================================================================================================================
//Sets ex700
//============================================================================================================================================================================================================================================================================================================================================================
//Type   Slot   Skill   Width   Height   HaveSerial   HaveOption   DropItem   Name                                 Level   Defense   AttackSpeed   Durability   ReqLevel   ReqStrength   ReqDexterity   ReqEnergy   ReqVitality   ReqLeadership   None   DW      DK      FE      MG      DL      SU      RF
88       5      0       2       2        1            1            1          "Magic Knight Gloves"                145     60        7             90           379        48            17             142         0             0               0      0       0       0       3       0       0       0  
89       5      0       2       2        1            1            1          "Lazy Wind Gloves"                   142     59        7             90           379        67            151            0           0             0               0      0       3       0       0       0       0       0   
90       5      0       2       2        1            1            1          "Dark Devil Gloves"                  142     40        7             90           379        45            13             171         0             0               0      3       0       0       0       0       0       0   
91       5      0       2       2        1            1            1          "Stormwing Gloves"                   142     65        7             90           379        200           33             0           0             0               0      0       3       0       0       0       0       0   
92       5      0       2       2        1            1            1          "Sticky Gloves"                      142     52        7             90           379        48            180            0           0             0               0      0       0       3       0       0       0       0   
93       5      0       2       2        1            1            1          "Hell Night Gloves"                  142     58        7             90           379        194           52             0           0             0               0      0       0       0       3       0       0       0   
94       5      0       2       2        1            1            1          "Ambition Gloves"                    142     43        7             90           379        112           22             0           0             0               0      0       0       0       0       3       0       0   
95       5      0       2       2        1            1            1          "Succubus Gloves"                    142     38        6             90           379        56            19             157         0             0               0      0       0       0       0       0       3       0   
97       5      0       2       2        1            1            1          "Light Lord Gloves"                  142     45        7             90           379        14            31             127         0             0               0      0       0       3       0       0       0       0   
//============================================================================================================================================================================================================================================================================================================================================================
//Sets BloodAngel
//============================================================================================================================================================================================================================================================================================================================================================
100      5      0       2       2        1            1            0          "Bloodangel Wizard Gloves"           150     40        6             100          379        33            11             0           0             0               0      3       0       0       0       0       0       0 
101      5      0       2       2        1            1            0          "Bloodangel Knight Gloves"           150     58        6             100          379        131           38             0           0             0               0      0       3       0       0       0       0       0 
102      5      0       2       2        1            1            0          "Bloodangel Elf Gloves"              150     48        6             100          379        31            68             0           0             0               0      0       0       3       0       0       0       0 
103      5      0       2       2        1            1            0          "Bloodangel Magic Gloves"            150     55        7             100          379        115           47             0           0             0               0      0       0       0       3       0       0       0 
104      5      0       2       2        1            1            0          "Bloodangel Lord Gloves"             150     39        5             100          379        50            13             0           0             0               0      0       0       0       0       3       0       0 
105      5      0       2       2        1            1            0          "Bloodangel Summoner Gloves"         150     36        8             100          379        25            5              0           0             0               0      0       0       0       0       0       3       0 
//============================================================================================================================================================================================================================================================================================================================================================
//Sets DarkAngel
//============================================================================================================================================================================================================================================================================================================================================================
107      5      0       2       2        1            1            0          "Darkangel Wizard Gloves"            150     65        6             100          379        33            11             0           0             0               0      3       0       0       0       0       0       0 
108      5      0       2       2        1            1            0          "Darkangel Knight Gloves"            150     83        6             100          379        131           38             0           0             0               0      0       3       0       0       0       0       0 
109      5      0       2       2        1            1            0          "Darkangel Elf Gloves"               150     73        6             100          379        31            68             0           0             0               0      0       0       3       0       0       0       0 
110      5      0       2       2        1            1            0          "Darkangel Magic Gloves"             150     80        7             100          379        115           47             0           0             0               0      0       0       0       3       0       0       0 
111      5      0       2       2        1            1            0          "Darkangel Lord Gloves"              150     64        5             100          379        50            13             0           0             0               0      0       0       0       0       3       0       0 
112      5      0       2       2        1            1            0          "Darkangel Summoner Gloves"          150     61        8             100          379        25            5              0           0             0               0      0       0       0       0       0       3       0 
//============================================================================================================================================================================================================================================================================================================================================================
//Sets HolyAngel
//============================================================================================================================================================================================================================================================================================================================================================
114      5      0       2       2        1            1            0          "Holyangel Wizard Gloves"            150     115       6             100          379        33            11             0           0             0               0      3       0       0       0       0       0       0 
115      5      0       2       2        1            1            0          "Holyangel Knight Gloves"            150     133       6             100          379        131           38             0           0             0               0      0       3       0       0       0       0       0 
116      5      0       2       2        1            1            0          "Holyangel Elf Gloves"               150     123       6             100          379        31            68             0           0             0               0      0       0       3       0       0       0       0 
117      5      0       2       2        1            1            0          "Holyangel Lord Gloves"              150     114       5             100          379        50            13             0           0             0               0      0       0       0       0       3       0       0 
118      5      0       2       2        1            1            0          "Holyangel Summoner Gloves"          150     111       8             100          379        25            5              0           0             0               0      0       0       0       0       0       3       0 
120      5      0       2       2        1            1            0          "Holyangel Magic Gloves"             150     130       7             100          379        115           47             0           0             0               0      0       0       0       3       0       0       0
//============================================================================================================================================================================================================================================================================================================================================================
//Sets Awakening
//============================================================================================================================================================================================================================================================================================================================================================
121      5      0       2       2        1            1            0          "Awakening Soul Wizard Gloves"       150     159       6             100          379        33            11             0           0             0               0      3       0       0       0       0       0       0 
122      5      0       2       2        1            1            0          "Awakening Soul Knight Gloves"       150     178       6             100          379        131           38             0           0             0               0      0       3       0       0       0       0       0 
123      5      0       2       2        1            1            0          "Awakening Soul Elf Gloves"      	   150     170       6             100          379        31            68             0           0             0               0      0       0       3       0       0       0       0 
124      5      0       2       2        1            1            0          "Awakening Soul Magic Gloves"    	   150     175       7             100          379        115           47             0           0             0               0      0       0       0       3       0       0       0 
125      5      0       2       2        1            1            0          "Awakening Soul Lord Gloves"         150     159       5             100          379        50            13             0           0             0               0      0       0       0       0       3       0       0 
126      5      0       2       2        1            1            0          "Awakening Soul Summoner Gloves"     150     158       8             100          379        25            5              0           0             0               0      0       0       0       0       0       3       0 
//============================================================================================================================================================================================================================================================================================================================================================
//Sets Blue Eye
//============================================================================================================================================================================================================================================================================================================================================================
128      5      0       2       2        1            1            0          "Blue Eye Wizard Gloves"             150     204       6             100          379        33            11             0           0             0               0      3       0       0       0       0       0       0
129      5      0       2       2        1            1            0          "Blue Eye Knight Gloves"             150     223       6             100          379        131           38             0           0             0               0      0       3       0       0       0       0       0
130      5      0       2       2        1            1            0          "Blue Eye Elf Gloves"            	   150     215       6             100          379        31            68             0           0             0               0      0       0       3       0       0       0       0
131      5      0       2       2        1            1            0          "Blue Eye Magic Gloves"          	   150     220       7             100          379        115           47             0           0             0               0      0       0       0       3       0       0       0
132      5      0       2       2        1            1            0          "Blue Eye Lord Gloves"               150     204       5             100          379        50            13             0           0             0               0      0       0       0       0       3       0       0
133      5      0       2       2        1            1            0          "Blue Eye Summoner Gloves"           150     203       8             100          379        25            5              0           0             0               0      0       0       0       0       0       3       0
//============================================================================================================================================================================================================================================================================================================================================================
//Sets SilverHeart
//============================================================================================================================================================================================================================================================================================================================================================
135      5      0       2       2        1            1            0          "Silverheart Wizard Gloves"          150     249       6             100          379        33            11             0           0             0               0      3       0       0       0       0       0       0 
136      5      0       2       2        1            1            0          "Silverheart Knight Gloves"          150     268       6             100          379        131           38             0           0             0               0      0       3       0       0       0       0       0 
137      5      0       2       2        1            1            0          "Silverheart Elf Gloves"         	   150     260       6             100          379        31            68             0           0             0               0      0       0       3       0       0       0       0 
138      5      0       2       2        1            1            0          "Silverheart Magic Gloves"       	   150     265       7             100          379        115           47             0           0             0               0      0       0       0       3       0       0       0 
139      5      0       2       2        1            1            0          "Silverheart Lord Gloves"            150     249       5             100          379        50            13             0           0             0               0      0       0       0       0       3       0       0 
140      5      0       2       2        1            1            0          "Silverheart Summoner Gloves"        150     248       8             100          379        25            5              0           0             0               0      0       0       0       0       0       3       0 
//============================================================================================================================================================================================================================================================================================================================================================
//Sets Manticore
//============================================================================================================================================================================================================================================================================================================================================================
142		 5	    0	    2	    2	     1	          1	           0	      "Manticore Wizard Gloves"			   150	   294	     6	    	   100			379		   33		     11			    0			 0		      0			      0	  	 3		 0		 0		 0		 0		 0		 0
143	     5	    0	    2	    2	     1	          1	           0	      "Manticore Knight Gloves"			   150	   313	     6	    	   100			379		   13		     38			    0			 0		      0			      0	  	 0		 3		 0		 0		 0		 0		 0
144	     5	    0	    2	    2	     1	          1	           0	      "Manticore Elf Gloves"			   150	   305	     6	    	   100			379		   31		     68			    0			 0		      0			      0	  	 0		 0		 3		 0		 0		 0		 0
145	     5	    0	    2	    2	     1	          1	           0	      "Manticore Magic Gloves"			   150	   293	     8	    	   100			379		   25		     5			    0			 0		      0			      0	  	 0		 0		 0		 3		 0		 0		 0
146	     5	    0	    2	    2	     1	          1	           0	      "Manticore Lord Gloves"			   150	   310	     7	    	   100			379		   115		     47			    0			 0		      0			      0	  	 0		 0		 0		 0		 3		 0		 0
147	     5	    0	    2	    2	     1	          1	           0	      "Manticore Summon Gloves"			   150	   294	     5	    	   100			379		   50		     13			    0			 0		      0			      0	  	 0		 0		 0		 0		 0		 3		 0
//============================================================================================================================================================================================================================================================================================================================================================
//Sets Brilliant
//============================================================================================================================================================================================================================================================================================================================================================
149		 5	    0	    2	    2	     1	          1	           0	      "Brilliant Wizard Gloves"			   150	   414	     6	    	   100			379		   33		     11			    0			 0		      0			      0	  	 3		 0		 0		 0		 0		 0		 0
150	     5	    0	    2	    2	     1	          1	           0	      "Brilliant Knight Gloves"			   150	   439	     6	    	   100			379		   13		     38			    0			 0		      0			      0	  	 0		 3		 0		 0		 0		 0		 0
151	     5	    0	    2	    2	     1	          1	           0	      "Brilliant Elf Gloves"			   150	   426	     6	    	   100			379		   31		     68			    0			 0		      0			      0	  	 0		 0		 3		 0		 0		 0		 0
152	     5	    0	    2	    2	     1	          1	           0	      "Brilliant Magic Gloves"			   150	   437	     8	    	   100			379		   25		     5			    0			 0		      0			      0	  	 0		 0		 0		 3		 0		 0		 0
153	     5	    0	    2	    2	     1	          1	           0	      "Brilliant Lord Gloves"			   150	   414	     7	    	   100			379		   115		     47			    0			 0		      0			      0	  	 0		 0		 0		 0		 3		 0		 0
154	     5	    0	    2	    2	     1	          1	           0	      "Brilliant Summon Gloves"			   150	   413	     5	    	   100			379		   50		     13			    0			 0		      0			      0	  	 0		 0		 0		 0		 0		 3		 0
//============================================================================================================================================================================================================================================================================================================================================================
//Sets Apocalypse
//============================================================================================================================================================================================================================================================================================================================================================
156		 5	    0	    2	    2	     1	          1	           0	      "Apocalypse Wizard Gloves"		   150	   294	     6	    	   100			379		   33		     11			    0			 0		      0			      0	  	 3		 0		 0		 0		 0		 0		 0
157	     5	    0	    2	    2	     1	          1	           0	      "Apocalypse Knight Gloves"		   150	   313	     6	    	   100			379		   13		     38			    0			 0		      0			      0	  	 0		 3		 0		 0		 0		 0		 0
158	     5	    0	    2	    2	     1	          1	           0	      "Apocalypse Elf Gloves"			   150	   305	     6	    	   100			379		   31		     68			    0			 0		      0			      0	  	 0		 0		 3		 0		 0		 0		 0
159	     5	    0	    2	    2	     1	          1	           0	      "Apocalypse Magic Gloves"			   150	   293	     8	    	   100			379		   25		     5			    0			 0		      0			      0	  	 0		 0		 0		 3		 0		 0		 0
160	     5	    0	    2	    2	     1	          1	           0	      "Apocalypse Lord Gloves"			   150	   310	     7	    	   100			379		   115		     47			    0			 0		      0			      0	  	 0		 0		 0		 0		 3		 0		 0
161	     5	    0	    2	    2	     1	          1	           0	      "Apocalypse Summon Gloves"		   150	   294	     5	    	   100			379		   50		     13			    0			 0		      0			      0	  	 0		 0		 0		 0		 0		 3		 0
//============================================================================================================================================================================================================================================================================================================================================================
//Sets Primordial Lightning
//============================================================================================================================================================================================================================================================================================================================================================
163		 5	    0	    2	    2	     1	          1	           0	      "Lightning Wizard Gloves"			   150	   414	     6	    	   100			379		   33		     11			    0			 0		      0			      0	  	 3		 0		 0		 0		 0		 0		 0
164	     5	    0	    2	    2	     1	          1	           0	      "Lightning Knight Gloves"			   150	   439	     6	    	   100			379		   13		     38			    0			 0		      0			      0	  	 0		 3		 0		 0		 0		 0		 0
165	     5	    0	    2	    2	     1	          1	           0	      "Lightning Elf Gloves"			   150	   426	     6	    	   100			379		   31		     68			    0			 0		      0			      0	  	 0		 0		 3		 0		 0		 0		 0
166	     5	    0	    2	    2	     1	          1	           0	      "Lightning Magic Gloves"			   150	   437	     8	    	   100			379		   25		     5			    0			 0		      0			      0	  	 0		 0		 0		 3		 0		 0		 0
167	     5	    0	    2	    2	     1	          1	           0	      "Lightning Lord Gloves"			   150	   414	     7	    	   100			379		   115		     47			    0			 0		      0			      0	  	 0		 0		 0		 0		 3		 0		 0
168	     5	    0	    2	    2	     1	          1	           0	      "Lightning Summon Gloves"			   150	   413	     5	    	   100			379		   50		     13			    0			 0		      0			      0	  	 0		 0		 0		 0		 0		 3		 0
//============================================================================================================================================================================================================================================================================================================================================================
//Sets Customs MuOnline
//============================================================================================================================================================================================================================================================================================================================================================
300      5      0       2       2        1            1            0          "Imperial Dragon Gloves[Z-1]"        100     56        7              86          380        222           32             0           0             0               0      0       1       0       0       0       0       0
301      5      0       2       2        1            1            0          "Brave Gloves(380)"                  97      42        7              86          380        74            162            0           0             0               0      0       1       0       0       0       0       0
302      5      0       2       2        1            1            0          "Phantom  Gloves(380)"               101     49        7              86          380        212           57             0           0             0               0      0       0       0       1       0       0       0
303      5      0       2       2        1            1            0          "Destroy Gloves(380)"                99      40        7              86          380        62            19             165         0             0               0      0       0       0       1       0       0       0
304      5      0       2       2        1            1            0          "Seraphim Gloves(380)"               100     43        7              86          380        55            197            0           0             0               0      0       0       1       0       0       0       0
305      5      0       2       2        1            1            0          "Divine Gloves(380)"                 95      36        7              86          380        32            29             138         0             0               0      0       0       1       0       0       0       0
306      5      0       2       2        1            1            0          "Royal Gloves(380)"                  101     34        7              86          380        105           38             0           0             0               0      0       0       0       0       1       0       0
307      5      0       2       2        1            1            0          "Hades Gloves(380)"                  100     31        7              86          380        60            15             181         0             0               0      1       0       0       0       0       0       0
308      5	    0	    2	    2	     1	          1	           0	      "Queen Gloves(380)"			   	   115	   80	     0	            86	        380	   	   53	         15	            176	        0	          0	           	  0	 	 0	  	 0	  	 0	 	 0	  	 0	  	 2	     0
309      5      0       2       2        1            1            0          "New Dragon Gloves"                  111     63        0              86          380        222           32             0           0             0               0      0       1       0       0       0       0       0
310      5      0       2       2        1            1            0          "New Guardian Gloves"                111     63        0              86          380        222           32             0           0             0               0      0       0       1       0       0       0       0
311      5      0       2       2        1            1            0          "New Legendary Gloves"               111     63        0              86          380        222           32             0           0             0               0      1       0       0       0       0       0       0
end


11
//Type   Slot   Skill   Width   Height   HaveSerial   HaveOption   DropItem   Name                                 Level   Defense   WalkSpeed   Durability   ReqLevel   ReqStrength   ReqDexterity   ReqEnergy   ReqVitality   ReqLeadership   None   DW      DK      FE      MG      DL      SU      RF
0        6      0       2       2        1            1            1          "Bronze Boots"                       12      4         10          34           0          80            20             0           0             0               0      0       1       0       1       1       0       0
1        6      0       2       2        1            1            1          "Dragon Boots"                       54      15        2           68           0          120           30             0           0             0               0      0       1       0       1       0       0       0
2        6      0       2       2        1            1            1          "Pad Boots"                          4       3         10          28           0          20            0              0           0             0               0      1       0       0       1       0       0       0
3        6      0       2       2        1            1            1          "Legendary Boots"                    46      12        0           42           0          30            0              0           0             0               0      1       0       0       1       0       0       0
4        6      0       2       2        1            1            1          "Bone Boots"                         16      6         6           30           0          30            0              0           0             0               0      1       0       0       1       0       0       0
5        6      0       2       2        1            1            1          "Leather Boots"                      5       2         12          30           0          80            0              0           0             0               0      0       1       0       1       1       0       0
6        6      0       2       2        1            1            1          "Scale Boots"                        22      8         8           40           0          110           0              0           0             0               0      0       1       0       1       1       0       1
7        6      0       2       2        1            1            1          "Sphinx Boots"                       30      9         8           36           0          30            0              0           0             0               0      1       0       0       1       0       0       0
8        6      0       2       2        1            1            1          "Brass Boots"                        32      10        6           44           0          100           30             0           0             0               0      0       1       0       1       0       0       1
9        6      0       2       2        1            1            1          "Plate Boots"                        42      12        4           50           0          130           0              0           0             0               0      0       1       0       1       0       0       1
10       6      0       2       2        1            1            1          "Vine Boots"                         5       2         0           22           0          30            60             0           0             0               0      0       0       1       0       0       0       0
11       6      0       2       2        1            1            1          "Silk Boots"                         15      4         0           26           0          30            70             0           0             0               0      0       0       1       0       0       0       0
12       6      0       2       2        1            1            1          "Wind Boots"                         27      7         0           32           0          30            80             0           0             0               0      0       0       1       0       0       0       0
13       6      0       2       2        1            1            1          "Spirit Boots"                       40      10        0           38           0          40            80             0           0             0               0      0       0       1       0       0       0       0
14       6      0       2       2        1            1            1          "Guardian Boots"                     52      16        0           45           0          40            80             0           0             0               0      0       0       1       0       0       0       0
15       6      0       2       2        1            1            1          "Storm Crow Boots"                   72      22        2           80           0          150           70             0           0             0               0      0       0       0       1       0       0       0
16       6      0       2       2        1            1            1          "Black Dragon Boots"                 78      24        2           74           0          170           60             0           0             0               0      0       1       0       0       0       0       0
17       6      0       2       2        1            1            1          "Dark Phoenix Boots"                 93      40        2           80           0          198           60             0           0             0               0      0       2       0       0       0       0       0
18       6      0       2       2        1            1            1          "Grand Soul Boots"                   76      22        0           67           0          59            10             0           0             0               0      2       0       0       0       0       0       0
19       6      0       2       2        1            1            1          "Divine Boots"                       81      30        0           74           0          50            110            0           0             0               0      0       0       2       0       0       0       0
20       6      0       2       2        1            1            1          "Thunder Hawk Boots"                 92      37        2           82           0          150           70             0           0             0               0      0       0       0       1       0       0       0
21       6      0       2       2        1            1            1          "Great Dragon Boots"                 98      50        0           86           0          200           58             0           0             0               0      0       2       0       0       0       0       0
22       6      0       2       2        1            1            1          "Dark Soul Boots"                    95      31        0           75           0          55            18             0           0             0               0      2       0       0       0       0       0       0
23       6      0       2       2        1            1            1          "Hurricane Boots"                    110     50        0           90           0          162           66             0           0             0               0      0       0       0       1       0       0       0
24       6      0       2       2        1            1            1          "Red Spirit Boots"                   87      40        0           80           0          52            115            0           0             0               0      0       0       2       0       0       0       0
25       6      0       2       2        1            1            1          "Light Plate Boots"                  45      13        0           42           0          70            20             0           0             0               0      0       0       0       0       1       0       0
26       6      0       2       2        1            1            1          "Adamantine Boots"                   60      20        0           56           0          77            21             0           0             0               0      0       0       0       0       1       0       0
27       6      0       2       2        1            1            1          "Dark Steel Boots"                   83      25        0           70           0          84            22             0           0             0               0      0       0       0       0       1       0       0
28       6      0       2       2        1            1            1          "Dark Master Boots"                  95      33        0           78           0          80            21             0           0             0               0      0       0       0       0       1       0       0
29       6      0       2       2        1            1            1          "Dragon Knight Boots"                119     63        0           90           380        170           60             0           0             0               0      0       2       0       0       0       0       0
30       6      0       2       2        1            1            1          "Venom Mist Boots"                   119     47        0           86           380        44            15             0           0             0               0      2       0       0       0       0       0       0
31       6      0       2       2        1            1            1          "Sylphid Ray Boots"                  119     53        0           86           380        38            80             0           0             0               0      0       0       2       0       0       0       0
32       6      0       2       2        1            1            1          "Volcano Boots"                      131     61        0           95           380        145           60             0           0             0               0      0       0       0       1       0       0       0
33       6      0       2       2        1            1            1          "Sunlight Boots"                     121     44        0           82           380        62            16             0           0             0               0      0       0       0       0       1       0       0
34       6      0       2       2        1            1            1          "Ashcrow Boots"                      68      19        0           72           0          160           50             0           0             0               0      0       1       0       0       0       0       0
35       6      0       2       2        1            1            1          "Eclipse Boots"                      68      17        0           54           0          53            12             0           0             0               0      1       0       0       0       0       0       0
36       6      0       2       2        1            1            1          "Iris Boots"                         68      23        0           59           0          50            70             0           0             0               0      0       0       1       0       0       0       0
37       6      0       2       2        1            1            1          "Valiant Boots"                      98      29        0           81           0          155           50             0           0             0               0      0       0       0       1       0       0       0
38       6      0       2       2        1            1            1          "Glorious Boots"                     98      29        0           74           0          80            21             0           0             0               0      0       0       0       0       1       0       0
39       6      0       2       2        1            1            1          "Violent Wind Boots"                 26      11        0           36           0          27            0              0           0             0               0      0       0       0       0       0       1       0
40       6      0       2       2        1            1            1          "Red Wing Boots"                     46      15        0           42           0          25            4              0           0             0               0      0       0       0       0       0       1       0
41       6      0       2       2        1            1            1          "Ancient Boots"                      65      21        0           54           0          53            16             0           0             0               0      0       0       0       0       0       1       0
42       6      0       2       2        1            1            1          "Demonic Boots"                      76      28        0           67           0          60            10             0           0             0               0      0       0       0       0       0       2       0
43       6      0       2       2        1            1            1          "Storm Blitz Boots"                  87      34        6           75           380        56            20             0           0             0               0      0       0       0       0       0       2       0
44       6      0       2       2        1            1            1          "Eternal Boots"                 	   87      34        6           75           379        56            20             0           0             0               0      0       0       0       0       0       2       0
45       6      0       2       2        1            1            1          "Titan Boots"                        96      57        0           86           380        222           32             0           0             0               0      0       1       0       0       0       0       0
46       6      0       2       2        1            1            1          "Brave Boots"                        93      45        0           86           380        74            162            0           0             0               0      0       1       0       0       0       0       0
47       6      0       2       2        1            1            1          "Phantom Boots"                      97      54        0           86           380        212           57             0           0             0               0      0       0       0       1       0       0       0
48       6      0       2       2        1            1            1          "Destroy Boots"                      94      44        0           86           380        62            19             165         0             0               0      0       0       0       1       0       0       0
49       6      0       2       2        1            1            1          "Seraphim Boots"                     97      42        0           86           380        55            197            0           0             0               0      0       0       1       0       0       0       0
50       6      0       2       2        1            1            1          "Divine Boots"                       92      35        0           86           380        32            29             138         0             0               0      0       0       1       0       0       0       0
51       6      0       2       2        1            1            1          "Royal Boots"                        98      38        0           86           380        105           38             0           0             0               0      0       0       0       0       1       0       0
52       6      0       2       2        1            1            1          "Hades Boots"                        94      34        0           86           380        60            15             181         0             0               0      1       0       0       0       0       0       0
53	 	 6 		0		2		2		 1	          1	           1	      "Queen Boots"			   			   115	   80	     0	         86	          0	    	 53	           15	          176	      0	            0	            0	   0	   0	   0	   0	   0	   2	   0
59       6      0       2       2        1            1            1          "Sacred Boots"                       50      20        0           52           0          85            0              0           75            0               0      0       0       0       0       0       0       1
60       6      0       2       2        1            1            1          "Storm Hard Boots"                   62      28        0           68           0          100           0              0           90            0               0      0       0       0       0       0       0       1
61       6      0       2       2        1            1            1          "Piercing Boots"                     82      36        0           82           0          115           0              0           100           0               0      0       0       0       0       0       0       1
62       6      0       2       2        0            0            0          "Lucky Scale Boots"                  22      12        8           255          1          0             0              0           0             0               0      0       1       0       0       1       0       1
63       6      0       2       2        0            0            0          "Lucky Silk Boots"                   15      7         0           255          1          0             0              0           0             0               0      0       0       1       0       0       0       0
64       6      0       2       2        0            0            0          "Lucky Sphinx Boots"                 30      13        8           255          1          0             0              0           0             0               0      1       0       0       1       0       0       0
65       6      0       2       2        0            0            0          "Lucky Violent Wind Boots"           26      15        0           255          1          0             0              0           0             0               0      0       0       0       0       0       1       0
66       6      0       2       2        0            0            0          "Lucky Dark Soul Boots"              60      25        0           255          150        0             0              0           0             0               0      0       0       0       0       1       0       0
67       6      0       2       2        0            0            0          "Lucky Dragon Boots"                 54      20        2           255          150        0             0              0           0             0               0      0       1       0       0       0       0       0
68       6      0       2       2        0            0            0          "Lucky Guardian Boots"               52      23        0           255          150        0             0              0           0             0               0      0       0       1       0       0       0       0
69       6      0       2       2        0            0            0          "Lucky Legendary Boots"              46      17        0           255          150        0             0              0           0             0               0      1       0       0       0       0       0       0
70       6      0       2       2        0            0            0          "Lucky Red Wing Boots"               46      17        0           255          150        0             0              0           0             0               0      0       0       0       0       0       1       0
71       6      0       2       2        0            0            0          "Lucky Atlans Boots"                 72      27        2           255          150        0             0              0           0             0               0      0       0       0       1       0       0       0
72       6      0       2       2        0            0            0          "Lucky Storm Hard Boots"             62      20        0           255          150        0             0              0           0             0               0      0       0       0       0       0       0       1
73	 	 6		0		2		2	 	 1	      	  1	           1	      "Phoenix Soul Boots"	               119	   57	     0	         88	          380	     97	           0	          0	          85	        0	            0      0       0       0       0       0       0       1	
//============================================================================================================================================================================================================================================================================================================================================================
//																Customs Items MuOnline (Ex700 a S.16 -Oficiales)
//============================================================================================================================================================================================================================================================================================================================================================
//============================================================================================================================================================================================================================================================================================================================================================
//Sets ex700
//============================================================================================================================================================================================================================================================================================================================================================
88       6      0       2       2        1            1            1          "Magic Knight Boots"                 140     53        0           90           379        48            17             142         0             0               0      0       0       0       3       0       0       0
89       6      0       2       2        1            1            1          "Lazy Wind Boots"                    140     62        0           90           379        67            151            0           0             0               0      0       3       0       0       0       0       0   
90       6      0       2       2        1            1            1          "Dark Devil Boots"                   140     43        0           90           379        45            13             171         0             0               0      3       0       0       0       0       0       0   
91       6      0       2       2        1            1            1          "Stormwing Boots"                    140     66        0           90           379        200           33             0           0             0               0      0       3       0       0       0       0       0   
92       6      0       2       2        1            1            1          "Sticky Boots"                       140     51        0           90           379        48            180            0           0             0               0      0       0       3       0       0       0       0   
93       6      0       2       2        1            1            1          "Hell Night Boots"                   140     63        0           90           379        194           52             0           0             0               0      0       0       0       3       0       0       0   
94       6      0       2       2        1            1            1          "Ambition Boots"                     140     47        0           90           379        112           22             0           0             0               0      0       0       0       0       3       0       0   
95       6      0       2       2        1            1            1          "Succubus Boots"                     140     41        0           90           379        56            19             157         0             0               0      0       0       0       0       0       3       0   
96		 6		0		2		2		 1		      1	   	       1	      "BloodyDragon Boots"				   140	   63		 0		     86			  379		 222		   32			  0			  0		        0		        0	   0	   0	   0	   0	   0	   0	   3
97       6      0       2       2        1            1            1          "Light Lord Boots"                   140     44        0           90           379        14            31             127         0             0               0      0       0       3       0       0       0       0   
//============================================================================================================================================================================================================================================================================================================================================================
//Sets RF S12
//============================================================================================================================================================================================================================================================================================================================================================
98       6      0       2       2        1            1            1          "Tigris Boots"                       111     40        0           86           379        61            15             0           0             0               0      0       0       0       0       0       0       1
99       6      0       2       2        1            1            1          "Crimson Skull Boots"                143     47        0           90           379        68            17             0           0             0               0      0       0       0       0       0       0       1
//============================================================================================================================================================================================================================================================================================================================================================
//Sets BloodAngel
//============================================================================================================================================================================================================================================================================================================================================================
100      6      0       2       2        1            1            0          "Bloodangel Wizard Boots"            150     41        0           100          379        36            12             0           0             0               0      3       0       0       0       0       0       0
101      6      0       2       2        1            1            0          "Bloodangel Knight Boots"            150     60        0           100          379        137           39             0           0             0               0      0       3       0       0       0       0       0
102      6      0       2       2        1            1            0          "Bloodangel Elf Boots"               150     50        0           100          379        32            70             0           0             0               0      0       0       3       0       0       0       0
103      6      0       2       2        1            1            0          "Bloodangel Magic Boots"             150     60        0           100          379        124           50             0           0             0               0      0       0       0       3       0       0       0
104      6      0       2       2        1            1            0          "Bloodangel Lord Boots"              150     43        0           100          379        53            14             0           0             0               0      0       0       0       0       3       0       0
105      6      0       2       2        1            1            0          "Bloodangel Summoner Boots"          150     38        0           100          379        32            5              0           0             0               0      0       0       0       0       0       3       0
106      6      0       2       2        1            1            0          "Bloodangel Fighter Boots"           150     46        0           100          379        66            0              0           0             0               0      0       0       0       0       0       0       3
//============================================================================================================================================================================================================================================================================================================================================================
//Sets DarkAngel
//============================================================================================================================================================================================================================================================================================================================================================
107      6      0       2       2        1            1            0          "Darkangel Wizard Boots"             150     66        0           100          379        36            12             0           0             0               0      3       0       0       0       0       0       0
108      6      0       2       2        1            1            0          "Darkangel Knight Boots"             150     85        0           100          379        137           39             0           0             0               0      0       3       0       0       0       0       0
109      6      0       2       2        1            1            0          "Darkangel Elf Boots"                150     75        0           100          379        32            70             0           0             0               0      0       0       3       0       0       0       0
110      6      0       2       2        1            1            0          "Darkangel Magic Boots"              150     85        0           100          379        124           50             0           0             0               0      0       0       0       3       0       0       0
111      6      0       2       2        1            1            0          "Darkangel Lord Boots"               150     68        0           100          379        53            14             0           0             0               0      0       0       0       0       3       0       0
112      6      0       2       2        1            1            0          "Darkangel Summoner Boots"           150     63        0           100          379        32            5              0           0             0               0      0       0       0       0       0       3       0
113      6      0       2       2        1            1            0          "Darkangel Fighter Boots"            150     71        0           100          379        66            0              0           0             0               0      0       0       0       0       0       0       3
//============================================================================================================================================================================================================================================================================================================================================================
//Sets HolyAngel
//============================================================================================================================================================================================================================================================================================================================================================
114      6      0       2       2        1            1            0          "Holyangel Wizard Boots"             150     116       0           100          379        36            12             0           0             0               0      3       0       0       0       0       0       0
115      6      0       2       2        1            1            0          "Holyangel Knight Boots"             150     135       0           100          379        137           39             0           0             0               0      0       3       0       0       0       0       0
116      6      0       2       2        1            1            0          "Holyangel Elf Boots"                150     125       0           100          379        32            70             0           0             0               0      0       0       3       0       0       0       0
117      6      0       2       2        1            1            0          "Holyangel Lord Boots"               150     118       0           100          379        53            14             0           0             0               0      0       0       0       0       3       0       0
118      6      0       2       2        1            1            0          "Holyangel Summoner Boots"           150     113       0           100          379        32            5              0           0             0               0      0       0       0       0       0       3       0
119      6      0       2       2        1            1            0          "Holyangel Fighter Boots"            150     121       0           100          379        66            0              0           0             0               0      0       0       0       0       0       0       3
120      6      0       2       2        1            1            0          "Holyangel Magic Boots"              150     135       0           100          379        124           50             0           0             0               0      0       0       0       3       0       0       0
//============================================================================================================================================================================================================================================================================================================================================================
//Sets Awakening Soul
//============================================================================================================================================================================================================================================================================================================================================================
121      6      0       2       2        1            1            0          "Awakening Soul Wizard Boots"        150     164       0           100          379        36            12             0           0             0               0      3       0       0       0       0       0       0
122      6      0       2       2        1            1            0          "Awakening Soul Knight Boots"        150     182       0           100          379        137           39             0           0             0               0      0       3       0       0       0       0       0
123      6      0       2       2        1            1            0          "Awakening Soul Elf Boots"           150     172       0           100          379        32            70             0           0             0               0      0       0       3       0       0       0       0
124      6      0       2       2        1            1            0          "Awakening Soul Magic Boots"         150     180       0           100          379        124           50             0           0             0               0      0       0       0       3       0       0       0
125      6      0       2       2        1            1            0          "Awakening Soul Lord Boots"          150     162       0           100          379        53            14             0           0             0               0      0       0       0       0       3       0       0
126      6      0       2       2        1            1            0          "Awakening Soul Summoner Boots"      150     161       0           100          379        32            5              0           0             0               0      0       0       0       0       0       3       0
127      6      0       2       2        1            1            0          "Awakening Soul Fighter Boots"       150     166       0           100          379        66            0              0           0             0               0      0       0       0       0       0       0       3
//============================================================================================================================================================================================================================================================================================================================================================
//Sets Blue Eye
//============================================================================================================================================================================================================================================================================================================================================================
128      6      0       2       2        1            1            0          "Blue Eye Wizard Boots"              150     209       0           100          379        36            12             0           0             0               0      3       0       0       0       0       0       0
129      6      0       2       2        1            1            0          "Blue Eye Knight Boots"              150     227       0           100          379        137           39             0           0             0               0      0       3       0       0       0       0       0
130      6      0       2       2        1            1            0          "Blue Eye Elf Boots"                 150     217       0           100          379        32            70             0           0             0               0      0       0       3       0       0       0       0
131      6      0       2       2        1            1            0          "Blue Eye Magic Boots"               150     225       0           100          379        124           50             0           0             0               0      0       0       0       3       0       0       0
132      6      0       2       2        1            1            0          "Blue Eye Lord Boots"                150     207       0           100          379        53            14             0           0             0               0      0       0       0       0       3       0       0
133      6      0       2       2        1            1            0          "Blue Eye Summoner Boots"            150     206       0           100          379        32            5              0           0             0               0      0       0       0       0       0       3       0
134      6      0       2       2        1            1            0          "Blue Eye Fighter Boots"             150     211       0           100          379        66            0              0           0             0               0      0       0       0       0       0       0       3
//============================================================================================================================================================================================================================================================================================================================================================
//Sets SilverHeart
//============================================================================================================================================================================================================================================================================================================================================================
135      6      0       2       2        1            1            0          "Silverheart Wizard Boots"           150     254       0           100          379        36            12             0           0             0               0      3       0       0       0       0       0       0
136      6      0       2       2        1            1            0          "Silverheart Knight Boots"           150     272       0           100          379        137           39             0           0             0               0      0       3       0       0       0       0       0
137      6      0       2       2        1            1            0          "Silverheart Elf Boots"              150     262       0           100          379        32            70             0           0             0               0      0       0       3       0       0       0       0
138      6      0       2       2        1            1            0          "Silverheart Magic Boots"            150     270       0           100          379        124           50             0           0             0               0      0       0       0       3       0       0       0
139      6      0       2       2        1            1            0          "Silverheart Lord Boots"             150     252       0           100          379        53            14             0           0             0               0      0       0       0       0       3       0       0
140      6      0       2       2        1            1            0          "Silverheart Summoner Boots"         150     251       0           100          379        32            5              0           0             0               0      0       0       0       0       0       3       0
141      6      0       2       2        1            1            0          "Silverheart Fighter Boots"          150     256       0           100          379        66            0              0           0             0               0      0       0       0       0       0       0       3
//============================================================================================================================================================================================================================================================================================================================================================
//Sets Manticore
//============================================================================================================================================================================================================================================================================================================================================================
142		 6	    0	    2	    2	     1	          1	           0	      "Manticore Wizard Boots"	  		   150	   299	     0	    	 100		  379		 36 		   12		      0			  0		        0			    0	   3	   0	   0	   0	   0	   0	   0
143	     6	    0	    2	    2	     1	          1	           0	      "Manticore Knight Boots"	  		   150	   317	     0	    	 100		  379		 137		   39		      0			  0		        0			    0	   0	   3	   0	   0	   0	   0	   0
144	     6	    0	    2	    2	     1	          1	           0	      "Manticore Elf Boots"		  		   150	   307	     0	    	 100		  379		 32 		   70		      0			  0		        0			    0	   0	   0	   3	   0	   0	   0	   0
145	     6	    0	    2	    2	     1	          1	           0	      "Manticore Magic Boots"	  		   150	   315	     0	    	 100		  379		 124		   50		      0			  0		        0			    0	   0	   0	   0	   3	   0	   0	   0
146	     6	    0	    2	    2	     1	          1	           0	      "Manticore Lord Boots"	  		   150	   297	     0	    	 100		  379		 53 		   14		      0			  0		        0			    0	   0	   0	   0	   0	   3	   0	   0
147	     6	    0	    2	    2	     1	          1	           0	      "Manticore Summon Boots"	  		   150	   296	     0	    	 100		  379		 32 		   5		      0			  0		        0			    0	   0	   0	   0	   0	   0	   3	   0
148	     6	    0	    2	    2	     1	          1	           0	      "Manticore Fighter Boots"	  		   150	   301	     0	    	 100		  379		 66 		   0		      0			  0		        0			    0	   0	   0	   0	   0	   0	   0	   3
//============================================================================================================================================================================================================================================================================================================================================================
//Sets Brilliant
//============================================================================================================================================================================================================================================================================================================================================================
149		 6	    0	    2	    2	     1	          1	           0	      "Brilliant Wizard Boots"	  		   150	   425	     0	    	 100		  379		 36 		   12		      0			  0		        0			    0	   3	   0	   0	   0	   0	   0	   0
150	     6	    0	    2	    2	     1	          1	           0	      "Brilliant Knight Boots"	  		   150	   414	     0	    	 100		  379		 137		   39		      0			  0		        0			    0	   0	   3	   0	   0	   0	   0	   0
151	     6	    0	    2	    2	     1	          1	           0	      "Brilliant Elf Boots"		  		   150	   420	     0	    	 100		  379		 32 		   70		      0			  0		        0			    0	   0	   0	   3	   0	   0	   0	   0
152	     6	    0	    2	    2	     1	          1	           0	      "Brilliant Magic Boots"	  		   150	   416	     0	    	 100		  379		 124		   50		      0			  0		        0			    0	   0	   0	   0	   3	   0	   0	   0
153	     6	    0	    2	    2	     1	          1	           0	      "Brilliant Lord Boots"	  		   150	   416	     0	    	 100		  379		 53 		   14		      0			  0		        0			    0	   0	   0	   0	   0	   3	   0	   0
154	     6	    0	    2	    2	     1	          1	           0	      "Brilliant Summon Boots"	  		   150	   433	     0	    	 100		  379		 32 		   5		      0			  0		        0			    0	   0	   0	   0	   0	   0	   3	   0
155	     6	    0	    2	    2	     1	          1	           0	      "Brilliant Fighter Boots"	  		   150	   435	     0	    	 100		  379		 66 		   0		      0			  0		        0			    0	   0	   0	   0	   0	   0	   0	   3
//============================================================================================================================================================================================================================================================================================================================================================
//Sets Apocalypse
//============================================================================================================================================================================================================================================================================================================================================================
156		 6	    0	    2	    2	     1	          1	           0	      "Apocalypse Wizard Boots"	  		   150	   299	     0	    	 100		  379		 36 		   12		      0			  0		        0			    0	   3	   0	   0	   0	   0	   0	   0
157	     6	    0	    2	    2	     1	          1	           0	      "Apocalypse Knight Boots"	  		   150	   317	     0	    	 100		  379		 137		   39		      0			  0		        0			    0	   0	   3	   0	   0	   0	   0	   0
158	     6	    0	    2	    2	     1	          1	           0	      "Apocalypse Elf Boots"		  	   150	   307	     0	    	 100		  379		 32 		   70		      0			  0		        0			    0	   0	   0	   3	   0	   0	   0	   0
159	     6	    0	    2	    2	     1	          1	           0	      "Apocalypse Magic Boots"	  		   150	   315	     0	    	 100		  379		 124		   50		      0			  0		        0			    0	   0	   0	   0	   3	   0	   0	   0
160	     6	    0	    2	    2	     1	          1	           0	      "Apocalypse Lord Boots"	  		   150	   297	     0	    	 100		  379		 53 		   14		      0			  0		        0			    0	   0	   0	   0	   0	   3	   0	   0
161	     6	    0	    2	    2	     1	          1	           0	      "Apocalypse Summon Boots"	  		   150	   296	     0	    	 100		  379		 32 		   5		      0			  0		        0			    0	   0	   0	   0	   0	   0	   3	   0
162	     6	    0	    2	    2	     1	          1	           0	      "Apocalypse Fighter Boots"	  	   150	   301	     0	    	 100		  379		 66 		   0		      0			  0		        0			    0	   0	   0	   0	   0	   0	   0	   3
//============================================================================================================================================================================================================================================================================================================================================================
//Sets Primordial Lightning
//============================================================================================================================================================================================================================================================================================================================================================
163		 6	    0	    2	    2	     1	          1	           0	      "Lightning Wizard Boots"	  		   150	   425	     0	    	 100		  379		 36 		   12		      0			  0		        0			    0	   3	   0	   0	   0	   0	   0	   0
164	     6	    0	    2	    2	     1	          1	           0	      "Lightning Knight Boots"	  		   150	   414	     0	    	 100		  379		 137		   39		      0			  0		        0			    0	   0	   3	   0	   0	   0	   0	   0
165	     6	    0	    2	    2	     1	          1	           0	      "Lightning Elf Boots"		  		   150	   420	     0	    	 100		  379		 32 		   70		      0			  0		        0			    0	   0	   0	   3	   0	   0	   0	   0
166	     6	    0	    2	    2	     1	          1	           0	      "Lightning Magic Boots"	  		   150	   416	     0	    	 100		  379		 124		   50		      0			  0		        0			    0	   0	   0	   0	   3	   0	   0	   0
167	     6	    0	    2	    2	     1	          1	           0	      "Lightning Lord Boots"	  		   150	   416	     0	    	 100		  379		 53 		   14		      0			  0		        0			    0	   0	   0	   0	   0	   3	   0	   0
168	     6	    0	    2	    2	     1	          1	           0	      "Lightning Summon Boots"	  		   150	   433	     0	    	 100		  379		 32 		   5		      0			  0		        0			    0	   0	   0	   0	   0	   0	   3	   0
169	     6	    0	    2	    2	     1	          1	           0	      "Lightning Fighter Boots"	  		   150	   435	     0	    	 100		  379		 66 		   0		      0			  0		        0			    0	   0	   0	   0	   0	   0	   0	   3
//============================================================================================================================================================================================================================================================================================================================================================
//Sets Customs MuOnline
//============================================================================================================================================================================================================================================================================================================================================================
300      6      0       2       2        1            1            0          "Imperial Dragon Boots[Z-1]"          96      57       0           86          380        222            32            0           0             0                0      0       1       0       0       0       0       0
301      6      0       2       2        1            1            0          "Brave Boots(380)"                    93      45       0           86          380         74           162            0           0             0                0      0       1       0       0       0       0       0
302      6      0       2       2        1            1            0          "Phantom Boots(380)"                  97      54       0           86          380        212            57            0           0             0                0      0       0       0       1       0       0       0
303      6      0       2       2        1            1            0          "Destroy Boots(380)"                  94      44       0           86          380         62            19            165         0             0                0      0       0       0       1       0       0       0
304      6      0       2       2        1            1            0          "Seraphim Boots(380)"                 97      42       0           86          380         55           197            0           0             0                0      0       0       1       0       0       0       0
305      6      0       2       2        1            1            0          "Divine Boots(380)"                   92      35       0           86          380         32            29            138         0             0                0      0       0       1       0       0       0       0
306      6      0       2       2        1            1            0          "Royal Boots(380)"                    98      38       0           86          380        105            38            0           0             0                0      0       0       0       0       1       0       0
307      6      0       2       2        1            1            0          "Hades Boots(380)"                    94      34       0           86          380         60            15            181         0             0                0      1       0       0       0       0       0       0
308		 6	    0	    2	    2	     1	      	  1	           0	      "Queen Boots(380)"			  		95	    80	     0	         86	         380	     53	           15	         176	     0	           0	            0	   0	   0	   0	   0	   0	   2	   0
309      6      0       2       2        1            1            0          "New Dragon Boots"                   111      63       0           86          380        222            32            0           0             0                0      0       1       0       0       0       0       0
310      6      0       2       2        1            1            0          "New Guardian Boots"                 111      63       0           86          380        222            32            0           0             0                0      0       0       1       0       0       0       0
311      6      0       2       2        1            1            0          "New Legendary Boots"                111      63       0           86          380        222            32            0           0             0                0      1       0       0       0       0       0       0
end

12
//Type   Slot   Skill   Width   Height   HaveSerial   HaveOption   DropItem   Name                                 Level   Defense   Durability   ReqLevel   ReqEnergy   ReqStrength   ReqDexterity   ReqLeadership   BuyMoney   DW      DK      FE      MG      DL      SU      RF
0        7      0       3       2        1            0            0          "Wings of Elf"                       100     10        200          180        0           0             0              0               0          0       0       1       0       0       0       0
1        7      0       5       3        1            0            0          "Wings of Heaven"                    100     10        200          180        0           0             0              0               0          1       0       0       1       0       0       0
2        7      0       5       2        1            1            0          "Wings of Satan"                     100     20        200          180        0           0             0              0               0          0       1       0       1       0       0       0
3        7      0       5       3        1            1            0          "Wings of Spirits"                   150     30        200          215        0           0             0              0               0          0       0       2       0       0       0       0
4        7      0       5       3        1            1            0          "Wings of Soul"                      150     30        200          215        0           0             0              0               0          2       0       0       0       0       0       0
5        7      0       3       3        1            1            0          "Wings of Dragon"                    150     45        200          215        0           0             0              0               0          0       2       0       0       0       0       0
6        7      0       4       2        1            1            0          "Wings of Darkness"                  150     40        200          215        0           0             0              0               0          0       0       0       1       0       0       0
7        *      0       1       1        1            0            1          "Orb of Twisting Slash"              47      0         0            80         0           0             0              0               29000      0       1       0       1       0       0       0
8        *      0       1       1        1            0            1          "Healing Orb"                        8       0         0            0          100         0             0              0               800        0       0       1       0       0       0       0
9        *      0       1       1        1            0            1          "Orb of Greater Fortitude"           13      0         0            0          100         0             0              0               3000       0       0       1       0       0       0       0
10       *      0       1       1        1            0            1          "Orb of Greater Damage"              18      0         0            0          100         0             0              0               7000       0       0       1       0       0       0       0
11       *      0       1       1        1            0            1          "Orb of Summoning"                   3       0         0            0          0           0             0              0               150        0       0       1       0       0       0       0
12       *      0       1       1        1            0            1          "Orb of Rageful Blow"                78      0         0            170        0           0             0              0               150000     0       2       0       0       0       0       0
13       *      0       1       1        1            0            1          "Orb of Impale"                      20      0         0            28         0           0             0              0               10000      0       1       0       1       0       0       0
14       *      0       1       1        1            0            1          "Orb of Greater Fortitude"           60      0         0            120        0           0             0              0               43000      0       1       0       0       0       0       0
15       *      0       1       1        1            0            0          "Jewel of Chaos"                     12      0         0            0          0           0             0              0               0          1       1       1       1       1       0       1
16       *      0       1       1        1            0            1          "Orb of Fire Slash"                  60      0         0            0          0           320           0              0               51000      0       0       0       1       0       0       0
17       *      0       1       1        1            0            1          "Orb of Penetration"                 64      0         0            130        0           0             0              0               72000      0       0       1       0       0       0       0
18       *      0       1       1        1            0            1          "Orb of Ice Arrow"                   81      0         0            0          0           0             258            0               195000     0       0       2       0       0       0       0
19       *      0       1       1        1            0            1          "Orb of Death Stab"                  72      0         0            160        0           0             0              0               85000      0       2       0       0       0       0       0
21       *      0       1       2        1            0            1          "Scroll of FireBurst"                74      0         0            0          20          0             0              0               115000     0       0       0       0       1       0       0
22       *      0       1       2        1            0            1          "Scroll of Summon"                   98      0         0            0          34          0             0              400             375000     0       0       0       0       1       0       0
23       *      0       1       2        1            0            1          "Scroll of Critical Damage"          82      0         0            0          25          0             0              300             220000     0       0       0       0       1       0       0
24       *      0       1       2        1            0            1          "Scroll of Electric Spark"           92      0         0            0          29          0             0              340             295000     0       0       0       0       1       0       0
26       *      0       1       1        1            0            0          "Gem of Secret"                      0       0         0            0          0           0             0              0               0          1       1       1       1       1       1       1
30       *      0       1       1        1            0            0          "Bundled Jewel of Bless"             25      0         0            0          0           0             0              0               0          1       1       1       1       1       1       1
31       *      0       1       1        1            0            0          "Bundled Jewel of Soul"              30      0         0            0          0           0             0              0               0          1       1       1       1       1       1       1
32       *      0       1       1        1            0            0          "Box of Red Ribbon"                  0       0         0            0          0           0             0              0               0          1       1       1       1       1       1       1
33       *      0       1       1        1            0            0          "Box of Green Ribbon"                0       0         0            0          0           0             0              0               0          1       1       1       1       1       1       1
34       *      0       1       1        1            0            0          "Box of Blue Ribbon"                 0       0         0            0          0           0             0              0               0          1       1       1       1       1       1       1
35       *      0       1       2        1            0            1          "Scroll of Fire Scream"              102     0         0            0          32          0             0              70              300000     0       0       0       0       1       0       0
36       7      0       4       3        1            1            0          "Wing of Storm"                      150     60        220          380        0           0             0              0               0          0       3       0       0       0       0       0
37       7      0       4       3        1            1            0          "Wing of Eternal"                    150     45        220          400        0           0             0              0               0          3       0       0       0       0       0       0
38       7      0       4       3        1            1            0          "Wing of Illusion"                   150     45        220          400        0           0             0              0               0          0       0       3       0       0       0       0
39       7      0       4       3        1            1            0          "Wing of Ruin"                       150     55        220          400        0           0             0              0               0          0       0       0       3       0       0       0
40       7      0       2       3        1            1            0          "Cape of Emperor"                    150     45        220          400        0           0             0              0               0          0       0       0       0       3       0       0
41       7      0       4       2        1            0            0          "Wing of Curse"                      100     10        200          180        0           0             0              0               0          0       0       0       0       0       1       0
42       7      0       4       3        1            1            0          "Wind of Despair"                    150     30        200          215        0           0             0              0               0          0       0       0       0       0       2       0
43       7      0       4       3        1            1            0          "Wing of Dimension"                  150     45        220          400        0           0             0              0               0          0       0       0       0       0       3       0
44       *      0       1       1        1            0            1          "Crystal of Destruction"             100     0         0            220        0           0             0              0               380000     0       2       0       0       0       0       0
45       *      0       1       1        1            0            1          "Crystal of Multi-Shot"              100     0         0            220        0           0             0              0               380000     0       0       2       0       0       0       0
46       *      0       1       1        1            0            1          "Crystal of Recovery"                100     0         0            220        37          0             0              0               250000     0       0       2       0       0       0       0
47       *      0       1       1        1            0            1          "Crystal of Flame Strike"            100     0         0            220        0           0             0              0               380000     0       0       0       1       0       0       0
48       *      0       1       2        1            0            1          "Scroll of Chaotic Diseier"          100     0         0            220        16          0             0              0               380000     0       0       0       0       1       0       0
49       7      0       2       3        1            1            0          "Cloak of Warrior"                   180     20        200          180        0           0             0              0               0          0       0       0       0       0       0       1
50       7      0       2       3        1            1            0          "Lord of the Cape"                   150     45        220          400        0           0             0              0               0          0       0       0       0       0       0       3
60       *      0       1       1        1            0            0          "Seed (Fire)"                        150     0         0            0          0           0             0              0               500000     1       1       1       1       1       1       1
61       *      0       1       1        1            0            0          "Seed (Water)"                       150     0         0            0          0           0             0              0               500000     1       1       1       1       1       1       1
62       *      0       1       1        1            0            0          "Seed (Ice)"                         150     0         0            0          0           0             0              0               500000     1       1       1       1       1       1       1
63       *      0       1       1        1            0            0          "Seed (Wind)"                        150     0         0            0          0           0             0              0               500000     1       1       1       1       1       1       1
64       *      0       1       1        1            0            0          "Seed (Lightning)"                   150     0         0            0          0           0             0              0               500000     1       1       1       1       1       1       1
65       *      0       1       1        1            0            0          "Seed (Earth)"                       150     0         0            0          0           0             0              0               500000     1       1       1       1       1       1       1
70       *      0       1       1        1            0            0          "Sphere (Mono)"                      102     0         0            0          0           0             0              0               100000     1       1       1       1       1       1       1
71       *      0       1       1        1            0            0          "Sphere (Di)"                        122     0         0            0          0           0             0              0               150000     1       1       1       1       1       1       1
72       *      0       1       1        1            0            0          "Sphere (Tri)"                       132     0         0            0          0           0             0              0               200000     1       1       1       1       1       1       1
100      *      0       1       1        1            0            0          "Seed Sphere (Fire)"                 1       0         0            0          0           0             0              0               1050000    1       1       1       1       1       1       1
101      *      0       1       1        1            0            0          "Seed Sphere (Water)"                1       0         0            0          0           0             0              0               1050000    1       1       1       1       1       1       1
102      *      0       1       1        1            0            0          "Seed Sphere (Ice)"                  1       0         0            0          0           0             0              0               1050000    1       1       1       1       1       1       1
103      *      0       1       1        1            0            0          "Seed Sphere (Wind)"                 1       0         0            0          0           0             0              0               1050000    1       1       1       1       1       1       1
104      *      0       1       1        1            0            0          "Seed Sphere (Lightning)"            1       0         0            0          0           0             0              0               1050000    1       1       1       1       1       1       1
105      *      0       1       1        1            0            0          "Seed Sphere (Earth)"                1       0         0            0          0           0             0              0               1050000    1       1       1       1       1       1       1
106      *      0       1       1        1            0            0          "Seed Sphere (Fire)"                 2       0         0            0          0           0             0              0               1125000    1       1       1       1       1       1       1
107      *      0       1       1        1            0            0          "Seed Sphere (Water)"                2       0         0            0          0           0             0              0               1125000    1       1       1       1       1       1       1
108      *      0       1       1        1            0            0          "Seed Sphere (Ice)"                  2       0         0            0          0           0             0              0               1125000    1       1       1       1       1       1       1
109      *      0       1       1        1            0            0          "Seed Sphere (Wind)"                 2       0         0            0          0           0             0              0               1125000    1       1       1       1       1       1       1
110      *      0       1       1        1            0            0          "Seed Sphere (Lightning)"            2       0         0            0          0           0             0              0               1125000    1       1       1       1       1       1       1
111      *      0       1       1        1            0            0          "Seed Sphere (Earth)"                2       0         0            0          0           0             0              0               1125000    1       1       1       1       1       1       1
112      *      0       1       1        1            0            0          "Seed Sphere (Fire)"                 3       0         0            0          0           0             0              0               1200000    1       1       1       1       1       1       1
113      *      0       1       1        1            0            0          "Seed Sphere (Water)"                3       0         0            0          0           0             0              0               1200000    1       1       1       1       1       1       1
114      *      0       1       1        1            0            0          "Seed Sphere (Ice)"                  3       0         0            0          0           0             0              0               1200000    1       1       1       1       1       1       1
115      *      0       1       1        1            0            0          "Seed Sphere (Wind)"                 3       0         0            0          0           0             0              0               1200000    1       1       1       1       1       1       1
116      *      0       1       1        1            0            0          "Seed Sphere (Lightning)"            3       0         0            0          0           0             0              0               1200000    1       1       1       1       1       1       1
117      *      0       1       1        1            0            0          "Seed Sphere (Earth)"                3       0         0            0          0           0             0              0               1200000    1       1       1       1       1       1       1
118      *      0       1       1        1            0            0          "Seed Sphere (Fire)"                 4       0         0            0          0           0             0              0               1275000    1       1       1       1       1       1       1
119      *      0       1       1        1            0            0          "Seed Sphere (Water)"                4       0         0            0          0           0             0              0               1275000    1       1       1       1       1       1       1
120      *      0       1       1        1            0            0          "Seed Sphere (Ice)"                  4       0         0            0          0           0             0              0               1275000    1       1       1       1       1       1       1
121      *      0       1       1        1            0            0          "Seed Sphere (Wind)"                 4       0         0            0          0           0             0              0               1275000    1       1       1       1       1       1       1
122      *      0       1       1        1            0            0          "Seed Sphere (Lightning)"            4       0         0            0          0           0             0              0               1275000    1       1       1       1       1       1       1
123      *      0       1       1        1            0            0          "Seed Sphere (Earth)"                4       0         0            0          0           0             0              0               1275000    1       1       1       1       1       1       1
124      *      0       1       1        1            0            0          "Seed Sphere (Fire)"                 5       0         0            0          0           0             0              0               1350000    1       1       1       1       1       1       1
125      *      0       1       1        1            0            0          "Seed Sphere (Water)"                5       0         0            0          0           0             0              0               1350000    1       1       1       1       1       1       1
126      *      0       1       1        1            0            0          "Seed Sphere (Ice)"                  5       0         0            0          0           0             0              0               1350000    1       1       1       1       1       1       1
127      *      0       1       1        1            0            0          "Seed Sphere (Wind)"                 5       0         0            0          0           0             0              0               1350000    1       1       1       1       1       1       1
128      *      0       1       1        1            0            0          "Seed Sphere (Lightning)"            5       0         0            0          0           0             0              0               1350000    1       1       1       1       1       1       1
129      *      0       1       1        1            0            0          "Seed Sphere (Earth)"                5       0         0            0          0           0             0              0               1350000    1       1       1       1       1       1       1
130      7      0       2       2        1            0            0          "Small Cape of Lord"                 1       0         200          1          0           0             0              0               0          0       0       0       0       1       0       0
131      7      0       3       2        1            0            0          "Small Wing of Curse"                1       10        200          1          0           0             0              0               0          0       0       0       0       0       1       0
132      7      0       3       2        1            0            0          "Small Wings of Elf"                 1       10        200          1          0           0             0              0               0          0       0       1       0       0       0       0
133      7      0       3       2        1            0            0          "Small Wings of Heaven"              1       10        200          1          0           0             0              0               0          1       0       0       1       0       0       0
134      7      0       3       2        1            0            0          "Small Wings of Satan"               1       20        200          1          0           0             0              0               0          0       1       0       1       0       0       0
135      7      0       2       2        1            0            0          "Small Cloak of Warrior"             1       15        200          0          0           0             0              0               0          0       0       0       0       0       0       1
136      *      0       1       1        1            0            0          "Bundled Jewel of Life"              72      0         0            0          0           0             0              0               0          1       1       1       1       1       1       1
137      *      0       1       1        1            0            0          "Bundled Jewel of Creation"          78      0         0            0          0           0             0              0               0          1       1       1       1       1       1       1
138      *      0       1       1        1            0            0          "Bundled Jewel of Guardian"          0       0         0            0          0           0             0              0               0          1       1       1       1       1       1       1
139      *      0       1       1        1            0            0          "Bundled Gemstone"                   0       0         0            0          0           0             0              0               0          1       1       1       1       1       1       1
140      *      0       1       1        1            0            0          "Bundled Jewel of Harmony"           25      0         0            0          0           0             0              0               0          1       1       1       1       1       1       1
141      *      0       1       1        1            0            0          "Bundled Jewel of Chaos"             12      0         0            0          0           0             0              0               0          1       1       1       1       1       1       1
142      *      0       1       1        1            0            0          "Bundled Lower Refining Stone"       25      0         0            0          0           0             0              0               0          1       1       1       1       1       1       1
143      *      0       1       1        1            0            0          "Bundled Higer Refining Stone"       25      0         0            0          0           0             0              0               0          1       1       1       1       1       1       1
//--
150		7		0		3		3		1			1			0			"Wings of Chaos"					150		47		200			215			0			0			0				0				0			0	3	0	0	0	0	0
151		7		0		5		3		1			1			0			"Wings of Magic"					150		32		200			215			0			0			0				0				0			3	0	0	3	0	0	0
152		7		0		5		3		1			1			0			"Wings of Life"						150		32		200			215			0			0			0				0				0			0	0	3	0	0	3	0
153		7		0		2		3		1			1			0			"Cloak of Death"					180		22		200			180			0			0			0				0				0			0	1	0	0	0	0	3
//
154		7		0		4		3		1			1			0			"Wings of Flame God"				150		65		220			400			0			0			0				0				0			0	3	0	0	0	0	0
155		7		0		4		3		1			1			0			"Wings of Heaven"					150		50		220			400			0			0			0				0				0			3	0	0	0	0	0	0
156		7		0		4		3		1			1			0			"Wing of Celestial Body"			150		50		220			400			0			0			0				0				0			0	0	3	0	0	0	0
157		7		0		4		3		1			1			0			"Wings of Other World"				150		50		220			400			0			0			0				0				0			0	0	0	0	0	3	0
158		7		0		4		3		1			1			0			"Wings of Annihilation"				150		60		220			400			0			0			0				0				0			0	0	0	3	0	0	0
159		7		0		2		3		1			1			0			"Cloak of Dominator"				150		50		220			400			0			0			0				0				0			0	1	0	0	3	0	0
160		7		0		2		3		1			1			0			"Cloak of Judgment"					150		50		220			400			0			0			0				0				0			0	1	0	0	0	0	3
//
161		7		0		4		3		1			1			0			"Wings of Conqueror"				150		49		220			400			0			0			0				0				0			3	3	3	3	3	3	3
162		7		0		4		3		1			1			0			"Wings of Devil And Angel"			150		49		220			400			0			0			0				0				0			3	3	3	3	3	3	3
//
163		7		0		4		3		1			1			0			"Wings of Sofit"					150		55		220			400			0			0			0				0				0			3	3	3	3	3	3	3
164		7		0		4		3		1			1			0			"Wings of Greens"			        150		50		220			400			0			0			0				0				0			3	3	3	3	3	3	3
165		7		0		4		3		1			1			0			"Wings of Fou"						150		50		220			400			0			0			0				0				0			3	3	3	3	3	3	3
166		7		0		4		3		1			1			0			"Wings of Silence"					150		50		220			400			0			0			0				0				0			3	3	3	3	3	3	3
167		7		0		4		3		1			1			0			"Wings of Condemnation"				150		50		220			400			0			0			0				0				0			3	3	3	3	3	3	3
//
168		7		0		4		3		1			1			0			"Wings of Heavenly"					150		65		220			400			0			0			0				0				0			3	3	3	3	3	3	3
169		7		0		4		3		1			1			0			"Wings of Ligh"						150		55		220			400			0			0			0				0				0			3	3	3	3	3	3	3
170		7		0		4		3		1			1			0			"Guns Wings"						150		55		220			400			0			0			0				0				0			3	3	3	3	3	3	3
//
171		7		0		2		3		1			1			0			"Cloak of Steel"					150		60		220			400			0			0			0				0				0			3	3	3	3	3	3	3
172		7		0		2		3		1			1			0			"Cloak of Brilliance"				150		60		220			400			0			0			0				0				0			3	3	3	3	3	3	3
173		7		0		2		1		1			1			0			"Cloak of Death Illusion"			150		60		220			400			0			0			0				0				0			3	3	3	3	3	3	3
174		7		0		2		1		1			1			0			"Cloak of Hatred"					150		60		220			400			0			0			0				0				0			3	3	3	3	3	3	3
175		7		0		2		3		1			1			0			"Cloak of Innocence"				150		60		220			400			0			0			0				0				0			3	3	3	3	3	3	3
176		7		0		2		3		1			1			0			"Cloak of Radiance"					150		60		220			400			0			0			0				0				0			3	3	3	3	3	3	3
177		7		0		2		3		1			1			0			"Cloak of Ebony"					150		60		220			400			0			0			0				0				0			3	3	3	3	3	3	3
178		7		0		2		3		1			1			0			"Cloak of Pure White"				150		60		220			400			0			0			0				0				0			3	3	3	3	3	3	3
//Type	Slot	Skill	Width	Height	HaveSerial	HaveOption	DropItem	Name								Level	Defense	Durability	ReqLevel	ReqEnergy	ReqStrength	ReqDexterity	ReqLeadership	BuyMoney	DW	DK	FE	MG	DL	SU	RF
179		7		0		4		3		1			1			0			"Wings of Destruction"				150		80		220			400			0			0			0				0				0			0	3	0	0	0	0	0
180		7		0		4		3		1			1			0			"Wings of Virtue"					150		80		220			400			0			0			0				0				0			3	0	0	0	0	0	0
181		7		0		4		3		1			1			0			"Wings of Fantasy"					150		80		220			400			0			0			0				0				0			0	0	3	0	0	0	0
182		7		0		4		3		1			1			0			"Wings of Barrier"					150		80		220			400			0			0			0				0				0			0	0	0	0	0	3	0
183		7		0		4		3		1			1			0			"Wings of Punishment"				150		80		220			400			0			0			0				0				0			0	0	0	3	0	0	0
end

13
//Type   Slot   Skill   Width   Height   HaveSerial   HaveOption   DropItem   Name                                 Level   Durability   Resistance1   Resistance2   Resistance3   Resistance4   Resistance5   Resistance6   Resistance7   None   DW      DK      FE      MG      DL      SU      RF
0        8      0       1       1        1            0            1          "Guardian Angel"                     23      255          0             0             0             0             0             0             0             0      1       1       1       1       1       1       1
1        8      0       1       1        1            0            1          "Imp"                                28      255          0             0             0             0             0             0             0             0      1       1       1       1       1       1       1
2        8      0       1       1        1            0            1          "Horn of Uniria"                     25      255          0             0             0             0             0             0             0             0      1       1       1       1       1       1       1
3        8      49      1       1        1            0            0          "Horn of Dinorant"                   110     255          0             0             0             0             0             0             0             0      1       1       1       1       1       1       1
4        8      62      1       1        1            0            0          "Dark Horse"                         218     255          0             0             0             0             0             0             0             0      0       0       0       0       1       0       0
5        1      0       1       1        1            0            0          "Dark Raven"                         0       255          0             0             0             0             0             0             0             0      0       0       0       0       1       0       0
7        *      0       1       1        1            0            0          "Contract (Summon)"                  0       255          0             0             0             0             0             0             0             0      1       1       1       1       1       1       1
8        10     0       1       1        1            1            1          "Ring of Ice"                        20      50           1             0             0             0             0             0             0             0      1       1       1       1       1       1       1
9        10     0       1       1        1            1            1          "Ring of Poison"                     17      50           0             1             0             0             0             0             0             0      1       1       1       1       1       1       1
10       10     0       1       1        1            0            0          "Transformation Ring"                0       200          0             0             0             0             0             0             0             0      1       1       1       1       1       1       1
11       *      0       1       1        1            0            0          "Order (Guardian/Life Stone)"        0       255          0             0             0             0             0             0             0             0      1       1       1       1       1       1       1
12       9      0       1       1        1            1            1          "Pendant of Lighting"                21      50           0             0             1             0             0             0             0             0      1       1       1       1       1       1       1
13       9      0       1       1        1            1            1          "Pendant of Fire"                    13      50           0             0             0             1             0             0             0             0      1       1       1       1       1       1       1
14       *      0       1       2        1            0            0          "Loch's Feather"                     78      0            0             0             0             0             0             0             0             0      1       1       1       1       1       1       1
15       *      0       1       1        1            0            0          "Fruits"                             0       0            0             0             0             0             0             0             0             0      1       1       1       1       1       1       1
16       *      0       1       2        1            0            0          "Scroll of Archangel"                0       128          0             0             0             0             0             0             0             0      1       1       1       1       1       1       1
17       *      0       1       2        1            0            0          "Blood Bone"                         0       128          0             0             0             0             0             0             0             0      1       1       1       1       1       1       1
18       *      0       2       2        1            0            0          "Invisibility Cloak"                 0       255          0             0             0             0             0             0             0             0      1       1       1       1       1       1       1
19       *      0       1       2        1            0            0          "Absolute Weapon of Archangel"       0       255          0             0             0             0             0             0             0             0      1       1       1       1       1       1       1
20       10     0       1       1        1            0            0          "Wizards Ring"                       0       30           0             0             0             0             0             0             0             0      1       1       1       1       1       1       1
21       10     0       1       1        1            1            1          "Ring of Fire"                       30      50           0             0             0             1             0             0             0             0      1       1       1       1       1       1       1
22       10     0       1       1        1            1            1          "Ring of Earth"                      38      50           0             0             0             0             1             0             0             0      1       1       1       1       1       1       1
23       10     0       1       1        1            1            1          "Ring of Wind"                       44      50           0             0             0             0             0             1             0             0      1       1       1       1       1       1       1
24       10     0       1       1        1            1            1          "Ring of Magic"                      47      50           0             0             0             0             0             0             0             0      1       1       1       1       1       1       1
25       9      0       1       1        1            1            1          "Pendant of Ice"                     34      50           1             0             0             0             0             0             0             0      1       1       1       1       1       1       1
26       9      0       1       1        1            1            1          "Pendant of Wind"                    42      50           0             0             0             0             0             1             0             0      1       1       1       1       1       1       1
27       9      0       1       1        1            1            1          "Pendant of Water"                   46      50           0             0             0             0             0             0             1             0      1       1       1       1       1       1       1
28       9      0       1       1        1            1            1          "Pendant of Ability"                 50      50           0             0             0             0             0             0             0             0      1       1       1       1       1       1       1
29       *      0       2       2        1            0            0          "Armor of Guardsman"                 0       0            0             0             0             0             0             0             0             0      1       1       1       1       1       1       1
30       7      0       2       3        1            0            0          "Cape of Lord"                       180     200          0             0             0             0             0             0             0             0      0       0       0       0       1       0       0
31       *      0       1       1        1            0            0          "Spirit"                             0       0            0             0             0             0             0             0             0             0      0       0       0       0       1       0       0
32       *      0       1       1        1            0            0          "Splinter of Armor"                  0       1            0             0             0             0             0             0             0             0      1       1       1       1       1       1       1
33       *      0       1       1        1            0            0          "Bless of Guardian"                  0       1            0             0             0             0             0             0             0             0      1       1       1       1       1       1       1
34       *      0       1       1        1            0            0          "Claw of Beast"                      0       1            0             0             0             0             0             0             0             0      1       1       1       1       1       1       1
35       *      0       1       1        1            0            0          "Fragment of Horn"                   0       1            0             0             0             0             0             0             0             0      1       1       1       1       1       1       1
36       *      0       2       2        1            0            0          "Broken Horn"                        0       1            0             0             0             0             0             0             0             0      1       1       1       1       1       1       1
37       8      0       2       2        1            0            0          "Horn of Fenrir"                     300     255          0             0             0             0             0             0             0             0      2       2       2       1       1       2       1
38       10     0       1       1        1            0            0          "Moonstone Pendant"                  21      120          0             0             0             0             0             0             0             0      1       1       1       1       1       1       1
39       10     0       1       1        1            0            0          "Eilte Transfer Skeleton Ring"       10      255          0             0             0             0             0             0             0             0      1       1       1       1       1       1       1
40       10     0       1       1        1            0            0          "Jack Olantern Ring"                 10      100          0             0             0             0             0             0             0             0      1       1       1       1       1       1       1
41       10     0       1       1        1            0            0          "Transfer Christmas Ring"            1       100          0             0             0             0             0             0             0             0      1       1       1       1       1       1       1
42       10     0       1       1        1            0            0          "Ring of GM"                         0       255          255           255           255           255           255           255           255           0      1       1       1       1       1       1       1
43       10     0       1       1        1            0            0          "Seal of Ascension"                  0       0            0             0             0             0             0             0             0             0      1       1       1       1       1       1       1
44       10     0       1       1        1            0            0          "Seal of Wealth"                     0       0            0             0             0             0             0             0             0             0      1       1       1       1       1       1       1
45       10     0       1       1        1            0            0          "Seal of Sustenance"                 0       0            0             0             0             0             0             0             0             0      1       1       1       1       1       1       1
46       *      0       1       1        1            0            0          "Devil Square Ticket"                0       10           0             0             0             0             0             0             0             0      1       1       1       1       1       1       1
47       *      0       1       1        1            0            0          "Blood Castle Ticket"                0       10           0             0             0             0             0             0             0             0      1       1       1       1       1       1       1
48       *      0       1       1        1            0            0          "Kalima Ticket"                      0       10           0             0             0             0             0             0             0             0      1       1       1       1       1       1       1
49       *      0       1       1        1            0            0          "Old Scroll"                         0       0            0             0             0             0             0             0             0             0      1       1       1       1       1       1       1
50       *      0       1       2        1            0            0          "Illusion Sorcerer Covenant"         0       0            0             0             0             0             0             0             0             0      1       1       1       1       1       1       1
51       *      0       2       2        1            0            0          "Scroll of Blood"                    0       1            0             0             0             0             0             0             0             0      1       1       1       1       1       1       1
52       *      0       1       2        1            0            0          "Condor Flame"                       0       0            0             0             0             0             0             0             0             0      1       1       1       1       1       1       1
53       *      0       1       2        1            0            0          "Condor Feather"                     0       0            0             0             0             0             0             0             0             0      1       1       1       1       1       1       1
54       *      0       1       1        1            0            0          "Reset Fruit Strength"               0       0            0             0             0             0             0             0             0             0      1       1       1       1       1       1       1
55       *      0       1       1        1            0            0          "Reset Fruit Quickness"              0       100          0             0             0             0             0             0             0             0      1       1       1       1       1       1       1
56       *      0       1       1        1            0            0          "Reset Fruit Health"                 0       100          0             0             0             0             0             0             0             0      1       1       1       1       1       1       1
57       *      0       1       1        1            0            0          "Reset Fruit Energy"                 0       100          0             0             0             0             0             0             0             0      1       1       1       1       1       1       1
58       *      0       1       1        1            0            0          "Reset Fruit Control"                0       100          0             0             0             0             0             0             0             0      1       1       1       1       1       1       1
59       *      0       1       1        1            0            0          "Seal of Mobility"                   0       0            0             0             0             0             0             0             0             0      1       1       1       1       1       1       1
60       *      0       1       2        1            0            0          "Indulgence"                         0       0            0             0             0             0             0             0             0             0      1       1       1       1       1       1       1
61       *      0       1       1        1            0            0          "Illusion Temple Ticket"             0       10           0             0             0             0             0             0             0             0      1       1       1       1       1       1       1
62       *      0       1       1        1            0            0          "Seal of Healing"                    0       0            0             0             0             0             0             0             0             0      1       1       1       1       1       1       1
63       *      0       1       1        1            0            0          "Seal of Divinity"                   0       0            0             0             0             0             0             0             0             0      1       1       1       1       1       1       1
64       8      0       1       1        1            0            0          "Demon"                              28      255          0             0             0             0             0             0             0             0      1       1       1       1       1       1       1
65       8      0       1       1        1            0            0          "Spirit of Guardian"                 28      255          0             0             0             0             0             0             0             0      1       1       1       1       1       1       1
66       *      0       1       1        1            0            0          "Invitation to Santa Village"        0       10           0             0             0             0             0             0             0             0      1       1       1       1       1       1       1
67       8      0       1       1        1            0            0          "Pet Rudolf"                         28      255          0             0             0             0             0             0             0             0      1       1       1       1       1       1       1
68       10     0       1       1        1            0            0          "Snowman Transformation Ring"        10      100          0             0             0             0             0             0             0             0      1       1       1       1       1       1       1
69       *      0       1       1        1            0            0          "Talisman of Resurrection"           0       0            0             0             0             0             0             0             0             0      1       1       1       1       1       1       1
70       *      0       1       1        1            0            0          "Talisman of Mobility"               0       2            0             0             0             0             0             0             0             0      1       1       1       1       1       1       1
71       8      0       2       3        1            0            0          "Sword/Mace/Spear"                   0       255          0             0             0             0             0             0             0             0      1       1       1       1       1       1       1
72       8      0       2       3        1            0            0          "Staff"                              0       255          0             0             0             0             0             0             0             0      1       1       1       1       1       1       1
73       8      0       2       3        1            0            0          "Bow/Crossbow"                       0       255          0             0             0             0             0             0             0             0      1       1       1       1       1       1       1
74       8      0       2       3        1            0            0          "Scepter"                            0       255          0             0             0             0             0             0             0             0      1       1       1       1       1       1       1
75       8      0       2       3        1            0            0          "Stick"                              0       255          0             0             0             0             0             0             0             0      1       1       1       1       1       1       1
76       10     0       1       1        1            0            0          "Panda Ring"                         28      255          0             0             0             0             0             0             0             0      1       1       1       1       1       1       1
80       8      0       1       1        1            0            0          "Pet Panda"                          28      255          0             0             0             0             0             0             0             0      1       1       1       1       1       1       1
81       *      0       1       1        1            0            0          "Talisman of Guardian"               0       0            0             0             0             0             0             0             0             0      1       1       1       1       1       1       1
82       *      0       1       1        1            0            0          "Talisman of Item Protection"        0       0            0             0             0             0             0             0             0             0      1       1       1       1       1       1       1
83       *      0       1       1        1            0            0          "Talisman of Wings of Satan"         0       0            0             0             0             0             0             0             0             0      1       1       1       1       1       1       1
84       *      0       1       1        1            0            0          "Talisman of Wings of Heaven"        0       0            0             0             0             0             0             0             0             0      1       1       1       1       1       1       1
85       *      0       1       1        1            0            0          "Talisman of Wings of Elf"           0       0            0             0             0             0             0             0             0             0      1       1       1       1       1       1       1
86       *      0       1       1        1            0            0          "Talisman of Wing of Curse"          0       0            0             0             0             0             0             0             0             0      1       1       1       1       1       1       1
87       *      0       1       1        1            0            0          "Talisman of Cape of Emperor"        0       0            0             0             0             0             0             0             0             0      1       1       1       1       1       1       1
88       *      0       1       1        1            0            0          "Talisman of Wings of Dragon"        0       0            0             0             0             0             0             0             0             0      1       1       1       1       1       1       1
89       *      0       1       1        1            0            0          "Talisman of Wings of Soul"          0       0            0             0             0             0             0             0             0             0      1       1       1       1       1       1       1
90       *      0       1       1        1            0            0          "Talisman of Wings of Spirits"       0       0            0             0             0             0             0             0             0             0      1       1       1       1       1       1       1
91       *      0       1       1        1            0            0          "Talisman of Wing of Despair"        0       0            0             0             0             0             0             0             0             0      1       1       1       1       1       1       1
92       *      0       1       1        1            0            0          "Talisman of Wings of Darkness"      0       0            0             0             0             0             0             0             0             0      1       1       1       1       1       1       1
93       *      0       1       1        1            0            0          "Master Seal of Ascension"           0       0            0             0             0             0             0             0             0             0      1       1       1       1       1       1       1
94       *      0       1       1        1            0            0          "Master Seal of Wealth"              0       0            0             0             0             0             0             0             0             0      1       1       1       1       1       1       1
95       *      0       1       1        1            0            0          "Gladiator's Honor"                  0       255          0             0             0             0             0             0             0             0      1       1       1       1       1       1       1
96       *      0       1       1        1            0            0          "Seal of Strength"                   0       0            0             0             0             0             0             0             0             0      1       1       1       1       1       1       1
103      *      0       1       1        1            0            0          "Party EXP Scroll"                   0       0            0             0             0             0             0             0             0             0      1       1       1       1       1       1       1
104      *      0       1       1        1            0            0          "Max AG Boost Aura"                  0       0            0             0             0             0             0             0             0             0      1       1       1       1       1       1       1
105      *      0       1       1        1            0            0          "Max SD Boost Aura"                  0       0            0             0             0             0             0             0             0             0      1       1       1       1       1       1       1
106      8      0       1       1        1            0            0          "Pet Unicorn"                        28      255          0             0             0             0             0             0             0             0      1       1       1       1       1       1       1
107      10     0       1       1        1            0            0          "Lethal Wizard's Ring"               0       100          0             0             0             0             0             0             0             0      1       1       1       1       1       1       1
109      10     0       1       1        1            0            0          "Sapphire Ring"                      0       50           0             0             0             0             0             0             0             0      1       1       1       1       1       1       1
110      10     0       1       1        1            0            0          "Ruby Ring"                          0       50           0             0             0             0             0             0             0             0      1       1       1       1       1       1       1
111      10     0       1       1        1            0            0          "Topaz Ring"                         0       50           0             0             0             0             0             0             0             0      1       1       1       1       1       1       1
112      10     0       1       1        1            0            0          "Amethyst Ring"                      0       50           0             0             0             0             0             0             0             0      1       1       1       1       1       1       1
113      9      0       1       1        1            0            0          "Ruby Necklace"                      0       50           0             0             0             0             0             0             0             0      1       1       1       1       1       1       1
114      9      0       1       1        1            0            0          "Emerald Necklace"                   0       50           0             0             0             0             0             0             0             0      1       1       1       1       1       1       1
115      9      0       1       1        1            0            0          "Sapphire Necklace"                  0       50           0             0             0             0             0             0             0             0      1       1       1       1       1       1       1
116      10     0       1       1        1            0            0          "Seal of Wealth"                     0       0            0             0             0             0             0             0             0             0      1       1       1       1       1       1       1
117      *      0       1       1        1            0            0          "Minimum Vitality Potion"            0       0            0             0             0             0             0             0             0             0      1       1       1       1       1       1       1
118      *      0       1       1        1            0            0          "Low Vitality Potion"                0       0            0             0             0             0             0             0             0             0      1       1       1       1       1       1       1
119      *      0       1       1        1            0            0          "Medium Vitality Potion"             0       0            0             0             0             0             0             0             0             0      1       1       1       1       1       1       1
120      *      0       1       1        1            0            0          "High Vitality Potion"               0       0            0             0             0             0             0             0             0             0      1       1       1       1       1       1       1
121      0      0       1       1        1            0            0          "Open Access Ticket to Chaos Ca"     25964   10           0             0             0             0             0             0             0             0      1       1       1       1       1       1       1
122      10     0       1       1        1            0            0          "Skeleton Transformation Ring"       1       255          0             0             0             0             0             0             0             0      1       1       1       1       1       1       1
123      8      0       1       1        1            0            0          "Pet Skeleton"                       1       255          0             0             0             0             0             0             0             0      1       1       1       1       1       1       1
124      *      0       1       1        1            0            0          "Paid Channel Access Ticket"         0       0            0             0             0             0             0             0             0             0      1       1       1       1       1       1       1
125      0      0       1       1        1            0            0          "Open Access Ticket to Doppelga"     29285   10           0             0             0             0             0             0             0             0      1       1       1       1       1       1       1
126      *      0       1       1        1            0            0          "Open Access Ticket to Varka"        0       10           0             0             0             0             0             0             0             0      1       1       1       1       1       1       1
127      *      0       1       1        1            0            0          "Open Access Ticket to Varka Ma"     55      3            0             0             0             0             0             0             0             0      1       1       1       1       1       1       1
128      10     0       1       1        1            0            0          "Hawk Figurine"                      0       255          0             0             0             0             0             0             0             0      1       1       1       1       1       1       1
129      10     0       1       1        1            0            0          "Goat Figurine"                      0       255          0             0             0             0             0             0             0             0      1       1       1       1       1       1       1
130      10     0       1       1        1            0            0          "Oak Charm"                          0       255          0             0             0             0             0             0             0             0      1       1       1       1       1       1       1
131      10     0       1       1        1            0            0          "Maple Charm"                        0       255          0             0             0             0             0             0             0             0      1       1       1       1       1       1       1
132      10     0       1       2        1            0            0          "Golden Oak Charm"                   0       255          0             0             0             0             0             0             0             0      1       1       1       1       1       1       1
133      10     0       1       2        1            0            0          "Golden Maple Charm"                 0       255          0             0             0             0             0             0             0             0      1       1       1       1       1       1       1
134      10     0       1       1        1            0            0          "Worn Horseshoe"                     0       255          0             0             0             0             0             0             0             0      1       1       1       1       1       1       1
135	     *	    0	    1	    1	     1	          0	           0	      "1st Lucky Armor Ticket"	           0	   255	        0	      0	            0	          0	        0	      0	            0	          0	 1	 1	 1	 1	 1	 1	 1	
136	     *	    0	    1	    1	     1	          0	           0	      "1st Lucky Pants Ticket"	           0	   255	        0	      0	            0	          0	        0	      0	            0	          0	 1	 1	 1	 1	 1	 1	 1	
137	     *	    0	    1	    1	     1	          0	           0	      "1st Lucky Helm Ticket"	           0	   255	        0	      0	            0	          0	        0	      0	            0	          0	 1	 1	 1	 1	 1	 1	 1	
138	     *	    0	    1	    1	     1	          0	           0	      "1st Lucky Gloves Ticket"	           0	   255	        0	      0	            0	          0	        0	      0	            0	          0	 1	 1	 1	 1	 1	 1	 1	
139	     *	    0	    1	    1	     1	          0	           0	      "1st Lucky Boots Ticket"	           0	   255	        0	      0	            0	          0	        0	      0	            0	          0	 1	 1	 1	 1	 1	 1	 1	
140	     *	    0	    1	    1	     1	          0	           0	      "2sd Lucky Armor Ticket"	           0	   255	        0	      0	            0	          0	        0	      0	            0	          0	 1	 1	 1	 1	 1	 1	 1	
141	     *	    0	    1	    1	     1	          0	           0	      "2sd Lucky Pants Ticket"	           0	   255	        0	      0	            0	          0	        0	      0	            0	          0	 1	 1	 1	 1	 1	 1	 1	
142	     *	    0	    1	    1	     1	          0	           0	      "2sd Lucky Helm Ticket"	           0	   255	        0	      0	            0	          0	        0	      0	            0	          0	 1	 1	 1	 1	 1	 1	 1	
143	     *	    0	    1	    1	     1	          0	           0	      "2sd Lucky Gloves Ticket"	           0	   255	        0	      0	            0	          0	        0	      0	            0	          0	 1	 1	 1	 1	 1	 1	 1	
144	     *	    0	    1	    1	     1	          0	           0	      "2sd Lucky Boots Ticket"	           0	   255	        0	      0	            0	          0	        0	      0	            0	          0	 1	 1	 1	 1	 1	 1	 1	
//--Eahle ring
150	     238	 0	     1	     1	      1	           1	        1	      "Erring[T1-1]"                     20      50           1             0             0             0             0             0             0             0      1       1       1       1       1       1       1
151	     239	 0	     1	     1	      1	           1	        1	      "Erring[T1-2]"                     20      50           1             0             0             0             0             0             0             0      1       1       1       1       1       1       1
//// pet con el slot 236 y 237                                                                                     
190      236	0	    1	    1	    1             1		       0          "Demonik[C]"    		               0	   255		0	      0		    0		  0		0             0		    0		  0	 1	 1	 1	 1	 1	 1	 1
191      236	0	    1	    1	    1             1		       0          "Angelik[C]"    		               0	   255		0	      0		    0		  0		0             0		    0		  0	 1	 1	 1	 1	 1	 1	 1
192      236	0	    1	    1	    1             1		       0          "Adik[C]"    		                   0	   255		0	      0		    0		  0		0             0		    0		  0	 1	 1	 1	 1	 1	 1	 1
193      236	0	    1	    1	    1             1		       1          "Gurdi[C]"    		               0	   255		0	      0		    0		  0		0             0		    0		  0	 1	 1	 1	 1	 1	 1	 1
194      236	0	    1	    1	    1             1		       1          "Queleti[C]"    		               0	   255		0	      0		    0		  0		0             0		    0		  0	 1	 1	 1	 1	 1	 1	 1
195      236	0	    1	    1	    1             1		       1          "DemonSquel[B]"    		           0	   255		0	      0		    0		  0		0             0		    0		  0	 1	 1	 1	 1	 1	 1	 1
196      236	0	    1	    1	    1             1		       1          "Guerrin[B]"    		               0	   255		0	      0		    0		  0		0             0		    0		  0	 1	 1	 1	 1	 1	 1	 1
197	  	 8		0		1		2		1			  0			   0		  "GhostHorseBlue"				   28		255			0			0			0			0			0			0			0			0		1	1	1	1	1	1	1
//Type	Slot	Skill	Width	Height	HaveSerial	HaveOption	DropItem	Name								Level	Durability	Resistance1	Resistance2	Resistance3	Resistance4	Resistance5	Resistance6	Resistance7	None	DW	DK	FE	MG	DL	SU	RF
201		236		0		1		2		1			0			0			"Dark Wizard Muun"					0	   255		0	      0		    0		  0		0             0		    0		  0	 1	 1	 1	 1	 1	 1	 1
202		236		0		1		2		1			0			0			"Fairy Elf Muun"					0	   255		0	      0		    0		  0		0             0		    0		  0	 1	 1	 1	 1	 1	 1	 1
203		236		0		1		2		1			0			0			"Magic Gladiator Muun"				0	   255		0	      0		    0		  0		0             0		    0		  0	 1	 1	 1	 1	 1	 1	 1
204		236		0		1		2		1			0			0			"Rage Fighter Muun"					0	   255		0	      0		    0		  0		0             0		    0		  0	 1	 1	 1	 1	 1	 1	 1
205		236		0		1		2		1			0			0			"Rune Wizard Muun"					0	   255		0	      0		    0		  0		0             0		    0		  0	 1	 1	 1	 1	 1	 1	 1
206		236		0		1		2		1			0			0			"Illusion Knight Muun"				0	   255		0	      0		    0		  0		0             0		    0		  0	 1	 1	 1	 1	 1	 1	 1
207		236		0		1		2		1			0			0			"Grow Lancer Muun"					0	   255		0	      0		    0		  0		0             0		    0		  0	 1	 1	 1	 1	 1	 1	 1
208		236		0		1		2		1			0			0			"KundunM and Lemuria Muun"			0	   255		0	      0		    0		  0		0             0		    0		  0	 1	 1	 1	 1	 1	 1	 1
//Type	Slot	Skill	Width	Height	HaveSerial	HaveOption	DropItem	Name								Level	Durability	Resistance1	Resistance2	Resistance3	Resistance4	Resistance5	Resistance6	Resistance7	None	DW	DK	FE	MG	DL	SU	RF
209		8		62		1		1		1			0			0			"Phantasmal Steed"					0	   255		0	      0		    0		  0		0             0		    0		  0	 1	 1	 1	 1	 1	 1	 1
210		8		0		1		1		1			0			0			"Ice Dragon"						0	   255		0	      0		    0		  0		0             0		    0		  0	 1	 1	 1	 1	 1	 1	 1
212		8		0		1		1		1			0			0			"Ice Dragon Rare"					0	   255		0	      0		    0		  0		0             0		    0		  0	 1	 1	 1	 1	 1	 1	 1
213		8		0		1		1		1			0			0			"Fierce Lion"						0	   255		0	      0		    0		  0		0             0		    0		  0	 1	 1	 1	 1	 1	 1	 1
214		8		0		1		1		1			0			0			"Fierce Lion Rare"					0	   255		0	      0		    0		  0		0             0		    0		  0	 1	 1	 1	 1	 1	 1	 1
215		8		0		1		1		1			0			0			"Shining Tail"						0	   255		0	      0		    0		  0		0             0		    0		  0	 1	 1	 1	 1	 1	 1	 1
216		8		0		1		1		1			0			0			"Shining Tail Rare"					0	   255		0	      0		    0		  0		0             0		    0		  0	 1	 1	 1	 1	 1	 1	 1
217		8		0		1		1		1			0			0			"Ur"								0	   255		0	      0		    0		  0		0             0		    0		  0	 1	 1	 1	 1	 1	 1	 1
218		8		0		1		1		1			0			0			"Ur Rare"							0	   255		0	      0		    0		  0		0             0		    0		  0	 1	 1	 1	 1	 1	 1	 1
219		8		0		1		1		1			0			0			"Leviathan"							0	   255		0	      0		    0		  0		0             0		    0		  0	 1	 1	 1	 1	 1	 1	 1
220		8		0		1		1		1			0			0			"Leviathan Rare"					0	   255		0	      0		    0		  0		0             0		    0		  0	 1	 1	 1	 1	 1	 1	 1
//============================
199      *      0       1       1        1            1            0          "Muun Egg"                             0	   255		0	      0		    0		  0		0             0		    0		  0	 1	 1	 1	 1	 1	 1	 1
221      236      0       1       1        1            0            0          "King Rex Milon"                     0	   255		0	      0		    0		  0		0             0		    0		  0	 1	 1	 1	 1	 1	 1	 1
222      236      0       1       1        1            0            0          "Loggle"                             0	   255		0	      0		    0		  0		0             0		    0		  0	 1	 1	 1	 1	 1	 1	 1
223      236      0       1       1        1            0            0          "Loggle (Evolved)"                   0	   255		0	      0		    0		  0		0             0		    0		  0	 1	 1	 1	 1	 1	 1	 1
//--     
224      236      0       1       1        1            0            0          "Repen"                              0	   255		0	      0		    0		  0		0             0		    0		  0	 1	 1	 1	 1	 1	 1	 1
225      236      0       1       1        1            0            0          "Repen (Evolved)"                    0	   255		0	      0		    0		  0		0             0		    0		  0	 1	 1	 1	 1	 1	 1	 1
226      236      0       1       1        1            0            0          "Repen (Mount)"                      0	   255		0	      0		    0		  0		0             0		    0		  0	 1	 1	 1	 1	 1	 1	 1
227      236      0       1       1        1            0            0          "Repen (Mount Evolved)"              0	   255		0	      0		    0		  0		0             0		    0		  0	 1	 1	 1	 1	 1	 1	 1
//--     
228      236      0       1       1        1            0            0          "Balrog"                             0	   255		0	      0		    0		  0		0             0		    0		  0	 1	 1	 1	 1	 1	 1	 1
229      236      0       1       1        1            0            0          "Balrog (Evolved)"                   0	   255		0	      0		    0		  0		0             0		    0		  0	 1	 1	 1	 1	 1	 1	 1
//--     236
230      236      0       1       1        1            0            0          "Phoenix of Darkness"                0	   255		0	      0		    0		  0		0             0		    0		  0	 1	 1	 1	 1	 1	 1	 1
231      236      0       1       1        1            0            0          "Phoenix of Darkness (Evolved)"      0	   255		0	      0		    0		  0		0             0		    0		  0	 1	 1	 1	 1	 1	 1	 1
//--                                                                                                                 
232      236      0       1       1        1            0            0          "Kundun"                             0	   255		0	      0		    0		  0		0             0		    0		  0	 1	 1	 1	 1	 1	 1	 1
233      236      0       1       1        1            0            0          "Kundun (Evolved)"                   0	   255		0	      0		    0		  0		0             0		    0		  0	 1	 1	 1	 1	 1	 1	 1
//--     236                                                                                                         
234      236      0       1       1        1            0            0          "Nightmare"                          0	   255		0	      0		    0		  0		0             0		    0		  0	 1	 1	 1	 1	 1	 1	 1
235      236      0       1       1        1            0            0          "Nightmare (Evolved)"                0	   255		0	      0		    0		  0		0             0		    0		  0	 1	 1	 1	 1	 1	 1	 1
//--                                                                                                                 
236      236      0       1       1        1            0            0          "HellMaine"                          0	   255		0	      0		    0		  0		0             0		    0		  0	 1	 1	 1	 1	 1	 1	 1
237      236      0       1       1        1            0            0          "HellMaine (Evolved)"                0	   255		0	      0		    0		  0		0             0		    0		  0	 1	 1	 1	 1	 1	 1	 1
//--     236                                                                                                         
238      236      0       1       1        1            0            0          "Selupan"                            0	   255		0	      0		    0		  0		0             0		    0		  0	 1	 1	 1	 1	 1	 1	 1
239      236      0       1       1        1            0            0          "Selupan (Evolved)"                  0	   255		0	      0		    0		  0		0             0		    0		  0	 1	 1	 1	 1	 1	 1	 1
//--                                                                                                                
240      236      0       1       1        1            0            0          "Medusa"                             0	   255		0	      0		    0		  0		0             0		    0		  0	 1	 1	 1	 1	 1	 1	 1
241      236      0       1       1        1            0            0          "Medusa (Evolved)"                   0	   255		0	      0		    0		  0		0             0		    0		  0	 1	 1	 1	 1	 1	 1	 1
//--     236                                                                                                        
242      236      0       1       1        1            0            0          "Lord Silvester"                     0	   255		0	      0		    0		  0		0             0		    0		  0	 1	 1	 1	 1	 1	 1	 1
243      236      0       1       1        1            0            0          "Lord Silvester (Evolved)"           0	   255		0	      0		    0		  0		0             0		    0		  0	 1	 1	 1	 1	 1	 1	 1
//--                                                                                                                 
244      236      0       1       1        1            0            0          "Nix"                                0	   255		0	      0		    0		  0		0             0		    0		  0	 1	 1	 1	 1	 1	 1	 1
245      236      0       1       1        1            0            0          "Nix (Evolved)"                      0	   255		0	      0		    0		  0		0             0		    0		  0	 1	 1	 1	 1	 1	 1	 1
250      236      0       2       2        1            0            0          "Lion Blue"                          0	   255		0	      0		    0		  0		0             0		    0		  0	 1	 1	 1	 1	 1	 1	 1
251      236      0       2       2        1            0            0          "Lion Gold"                          0	   255		0	      0		    0		  0		0             0		    0		  0	 1	 1	 1	 1	 1	 1	 1
252      236      62      2       2        1            0            0          "Ghost Horse Blue"                   0	   255		0	      0		    0		  0		0             0		    0		  0	 1	 1	 1	 1	 1	 1	 1
253      236      62      2       2        1            0            0          "Ghost Horse Red"                    0	   255		0	      0		    0		  0		0             0		    0		  0	 1	 1	 1	 1	 1	 1	 1
end

14
//Type   Slot   Skill   Width   Height   HaveSerial   HaveOption   DropItem   Name                                 Value   Level
0        *      0       1       1        1            0            1          "Apple"                              5       1
1        *      0       1       1        1            0            1          "Small Healing Potion"               10      10
2        *      0       1       1        1            0            1          "Healing Potion"                     20      25
3        *      0       1       1        1            0            1          "Large Healing Potion"               30      40
4        *      0       1       1        1            0            1          "Small Mana Potion"                  10      10
5        *      0       1       1        1            0            1          "Mana Potion"                        20      25
6        *      0       1       1        1            0            1          "Large Mana Potion"                  30      40
7        *      0       1       1        1            0            0          "Siege Potion"                       30      0
8        *      0       1       1        1            0            1          "Antidote"                           10      10
9        *      0       1       2        1            0            1          "Ale"                                30      15
10       *      0       1       2        1            0            1          "Town Portal Scroll"                 30      30
11       *      0       1       1        1            0            0          "Box of Luck"                        0       0
12       *      0       1       1        1            0            0          "Heart"                              0       0
13       *      0       1       1        1            0            0          "Jewel of Bless"                     150     25
14       *      0       1       1        1            0            0          "Jewel of Soul"                      150     30
15       *      0       1       1        0            0            0          "Zen"                                0       0
16       *      0       1       1        1            0            0          "Jewel of Life"                      0       72
17       *      0       1       1        1            0            0          "Devil's Eye"                        0       1
18       *      0       1       1        1            0            0          "Devil's Key"                        0       1
19       *      0       1       1        1            0            0          "Devil's Invitation"                 0       0
20       *      0       1       1        1            0            0          "Remedy of Love"                     0       0
21       *      0       1       1        1            0            0          "Rena"                               0       0
22       *      0       1       1        1            0            0          "Jewel of Creation"                  0       78
23       *      0       1       1        1            0            0          "Scroll of the Emperor"              0       0
24       *      0       1       2        1            0            0          "Broken Sword"                       0       0
25       *      0       1       1        1            0            0          "Tear of Elf"                        0       0
26       *      0       1       1        1            0            0          "Soul Shard of Wizard"               0       0
28       *      0       1       1        1            0            0          "Lost Map"                           0       0
29       *      0       1       1        1            0            0          "Symbol of Kundun"                   0       0
31       *      0       1       1        1            0            0          "Jewel of Guardian"                  75      0
32       *      0       1       1        1            0            0          "Pink Chocolate Box"                 0       0
33       *      0       1       1        1            0            0          "Red Chocolate Box"                  0       0
34       *      0       1       1        1            0            0          "Blue Chocolate Box"                 0       0
35       *      0       1       1        1            0            1          "Small SD Potion"                    50      0
36       *      0       1       1        1            0            1          "SD Potion"                          80      0
37       *      0       1       1        1            0            1          "Large SD Potion"                    100     0
38       *      0       1       1        1            0            1          "Small Complex Potion"               20      68
39       *      0       1       1        1            0            1          "Complex Potion"                     40      96
40       *      0       1       1        1            0            1          "Large Complex Potion"               60      118
41       *      0       1       1        1            0            0          "Gemstone"                           150     25
42       *      0       1       1        1            0            0          "Jewel of Harmony"                   150     25
43       *      0       1       1        1            0            0          "Lower refining stone"               150     25
44       *      0       1       1        1            0            0          "Higher refining stone"              150     25
45       *      0       1       1        1            0            0          "Pumpkin of Luck"                    0       1
46       *      0       1       2        1            0            0          "Jack O'Lantern Blessings"           0       0
47       *      0       1       2        1            0            0          "Jack O'Lantern Wrath"               0       0
48       *      0       1       2        1            0            0          "Jack O'Lantern Cry"                 0       0
49       *      0       1       1        1            0            0          "Jack O'Lantern Food"                0       0
50       *      0       1       1        1            0            0          "Jack O'Lantern Drink"               0       0
51       *      0       1       1        1            0            0          "Chistmas Star"                      0       0
52       *      0       1       1        1            0            0          "GM Gift"                            0       0
53       *      0       1       1        1            0            0          "Talisman of Luck"                   0       0
54       *      0       1       1        1            0            0          "Chaos Card"                         0       0
55       *      0       1       1        1            0            0          "Green Chaos Box"                    0       0
56       *      0       1       1        1            0            0          "Red Chaos Box"                      0       0
57       *      0       1       1        1            0            0          "Purple Chaos Box"                   0       0
58       *      0       1       1        1            0            0          "Rare Item Ticket1"                  0       0
59       *      0       1       1        1            0            0          "Rare Item Ticket2"                  0       0
60       *      0       1       1        1            0            0          "Rare Item Ticket3"                  0       0
61       *      0       1       1        1            0            0          "Rare Item Ticket4"                  0       0
62       *      0       1       1        1            0            0          "Rare Item Ticket5"                  0       0
63       *      0       1       1        1            0            0          "Firecracker"                        0       0
64       *      0       1       1        1            0            0          "Cursed Castle Water"                0       0
65       *      0       1       1        1            0            0          "Death-beam Knight Flame"            0       0
66       *      0       1       2        1            0            0          "Hell-Miner Horn"                    0       0
67       *      0       1       2        1            0            0          "Dark Phoenix Feather"               0       0
68       *      0       1       2        1            0            0          "Abyssal Eye"                        0       0
70       *      0       1       1        1            0            0          "Elite Healing Potion"               0       0
71       *      0       1       1        1            0            0          "Elite Mana Potion"                  0       0
72       *      0       2       2        1            0            0          "Scroll of Quickness"                0       0
73       *      0       2       2        1            0            0          "Scroll of Defense"                  0       0
74       *      0       2       2        1            0            0          "Scroll of Wrath"                    0       0
75       *      0       2       2        1            0            0          "Scroll of Wizardry"                 0       0
76       *      0       2       2        1            0            0          "Scroll of Health"                   0       0
77       *      0       2       2        1            0            0          "Scroll of Mana"                     0       0
78       *      0       1       2        1            0            0          "Elixir of Strength"                 0       0
79       *      0       1       2        1            0            0          "Elixir of Agility"                  0       0
80       *      0       1       2        1            0            0          "Elixir of Health"                   0       0
81       *      0       1       2        1            0            0          "Elixir of Energy"                   0       0
82       *      0       1       2        1            0            0          "Elixir of Control"                  0       0
83       *      0       1       1        1            0            0          "Rare Item Ticket"                   0       0
84       *      0       1       1        1            0            0          "Cherry Blossom Play-Box"            0       0
85       *      0       1       2        1            0            0          "Cherry Blossom Wine"                0       0
86       *      0       1       1        1            0            0          "Cherry Blossom Rice Cake"           0       0
87       *      0       1       1        1            0            0          "Cherry Blossom Flower Petal"        0       0
88       *      0       1       2        1            0            0          "Flor Especial De La Vida"	       0       0
89       *      0       1       2        1            0            0          "Flor Especial De la Luna"	       0       0
90       *      0       1       2        1            0            0          "Flor Especial Del SoL"		       0       0
91       *      0       1       1        1            0            0          "Summoner Character Card"            0       0
92       *      0       1       1        1            0            0          "Chaos Card Gold"                    0       0
93       *      0       1       1        1            0            0          "Chaos Card Rare"                    0       0
94       *      0       1       1        1            0            0          "Medium Elite Healing Potion"        0       0
95       *      0       1       1        1            0            0          "Chaos Card  Mini"                   0       0
96       *      0       1       1        1            0            0          "Talisman of Chaos Assembly"         0       0
97       *      0       2       2        1            0            0          "Scroll of Battle"                   0       0
98       *      0       2       2        1            0            0          "Scroll of Strength"                 0       0
99       *      0       1       1        1            0            0          "Christmas Firecracker"              0       0
100      *      0       1       1        1            0            0          "Lucky Coin"                         0       0
101      *      0       1       1        1            0            0          "Suspicious Scrap of Paper"          0       32
102      *      0       1       1        1            0            0          "Gaion's Order"                      0       0
103      *      0       1       1        1            0            0          "First Secromicon Fragment"          0       0
104      *      0       1       1        1            0            0          "Second Secromicon Fragment"         0       0
105      *      0       1       1        1            0            0          "Third Secromicon Fragment"          0       0
106      *      0       1       1        1            0            0          "Fourth Secromicon Fragment"         0       0
107      *      0       1       1        1            0            0          "Fifth Secromicon Fragment"          0       0
108      *      0       1       1        1            0            0          "Sixth Secromicon Fragment"          0       0
109      *      0       1       1        1            0            0          "Complete Secromicon"                0       0
110      *      0       1       1        1            0            0          "Sign of Dimensions"                 0       32
111      *      0       1       1        1            0            0          "Mirror of Dimensions"               0       0
112      *      0       1       1        1            0            0          "Silver Key"                         0       0
113      *      0       1       1        1            0            0          "Gold Key"                           0       0
114      *      0       1       1        1            0            0          "Master Skill Reset"                 0       0
115      *      0       1       1        1            0            0          "Stat Adjustment"                    0       0
116      *      0       1       1        1            0            0          "Character Relocation Service"       0       0
117      *      0       1       1        1            0            0          "Character Rename Service"           0       0
118      *      0       1       1        1            0            0          "Server Relocation Service"          0       0
119      *      0       1       1        1            0            0          "Premium Package"                    0       0
120      *      0       1       1        1            0            0          "Goblin Gold Coin"                   0       0
121      *      0       1       1        1            0            0          "Sealed Golden Box"                  0       0
122      *      0       1       1        1            0            0          "Sealed Silver Box"                  0       0
123      *      0       1       1        1            0            0          "Golden Box"                         0       0
124      *      0       1       1        1            0            0          "Silver Box"                         0       0
125      *      0       1       1        1            0            0          "Package Box"                        0       0
126      *      0       1       1        1            0            0          "30-Day Pass"                        0       0
127      *      0       1       1        1            0            0          "90-Day Pass"                        0       0
128      *      0       1       1        1            0            0          "30-Day Pass - Points"               0       0
129      *      0       1       1        1            0            0          "90-Day Pass - Points"               0       0
130      *      0       1       1        1            0            0          "3-Hour Pass"                        0       0
131      *      0       1       1        1            0            0          "5-Hour Pass"                        0       0
132      *      0       1       1        1            1            0          "Package Box RF"                     0       0
133      *      0       1       1        1            1            0          "Elite SD Potion"                    0       0
134      *      0       1       1        1            1            0          "Package Box BK"                     0       0
135      *      0       1       1        1            1            0          "Package Box SM"                     0       0
136      *      0       1       1        1            1            0          "Package Box ELF"                    0       0
137      *      0       1       1        1            1            0          "Package Box MG"                     0       0
138      *      0       1       1        1            1            0          "Package Box DL"                     0       0
139      *      0       1       1        1            1            0          "Package Box SUM"                    0       0
140      *      0       2       2        1            1            0          "Scroll of Healing"                  0       0
141      *      0       1       1        1            0            0          "Shining Jewelry Case"               0       0
142      *      0       1       1        1            0            0          "Elegant Jewelry Case"               0       0
143      *      0       1       1        1            0            0          "Steel Jewelry Case"                 0       0
144      *      0       1       1        1            0            0          "Old Jewelry Case"                   0       0
145      *      0       1       1        1            0            0          "Rare Item Ticket 7"                 0       0
146      *      0       1       1        1            0            0          "Rare Item Ticket 8"                 0       0
147      *      0       1       1        1            0            0          "Rare Item Ticket 9"                 0       0
148      *      0       1       1        1            0            0          "Rare Item Ticket 10"                0       0
149      *      0       1       1        1            0            0          "Rare Item Ticket 11"                0       0
150      *      0       1       1        1            0            0          "Rare Item Ticket 12"                0       0
151       *      0       1       2        1            0            0          "Lv. 1 Letter of Request"            0       0
152       8      0       1       2        1            1            0          "Lv. 1 Completion Certificate"       0       0
153       *      0       1       1        1            0            0          "Stardust"                           60      0
154       *      0       1       1        1            0            0          "Kalt Stone"                         60      0
155       *      0       2       2        1            0            0          "Tantalos's Armor"                   60      0
156       *      0       1       3        1            0            0          "Burnt Murderer's Club"              60      0
157       *      0       1       1        1            0            0          "Green Box"                          190     0
158       *      0       1       1        1            0            0          "Red Box"                            190     0
159       *      0       1       1        1            0            0          "Purple Box"                         190     0
160       *      0       1       1        1            0            0          "Jewel of Extension"                 0       0
161       *      0       1       1        1            0            0          "Jewel of Elevation"                 0       0
162       *      0       1       1        1            0            0          "Magic Backpack"                     0       0
163       *      0       1       1        1            0            0          "Vault Expansion Certificate"        0       0
164       *      0       1       1        1            0            0          "Ancient Statue"                     0       0	
165       *      0       1       1        1            0            0          "Magic Cloth"                        0       0	
166       *      0       1       1        1            0            0          "Space Cloth"                        0       0	
167       *      0       1       1        1            0            0          "Phase Cloth"                        0       0	
168       *      0       1       1        1            0            0          "Dimension Cloth"                    0       0	
169       *      0       1       1        1            0            0          "Rage Fighter Character Card"        0       0
170	      *	     0	     2	     2	      1	           1		    0	      "Slot Character Expansion"    0	0
171	      *	     0	     1	     1	      1	           1		    1	      "[Gran Lagrima Del SoL]"    0	0
//=======================================================================================================================
//CUSTOM BOX 
//=======================================================================================================================
210      *      0       1       1        1            1            0          "Bolcita De [Bienvenida]"            0       0
211      *      0       3       3        1            1            0          "MASTER BOX [PK]"                    0       0
212      *      0       3       3        1            1            0          "[BOX THE FINAL SOL]"       0       0
213      *      0       3       3        1            1            0          "BOX OF MISTERI-[V1]"       0       0
214      *      0       3       3        1            1            0          "BOX OF MISTERI-[V2]"       0       0
//BOX CLASS 
215      *      0       1       1        1            1            0          "[CAMBIO DE CLASE SM]"       0       0
216      *      0       1       1        1            1            0          "[CAMBIO DE CLASE BK]"       0       0
217      *      0       1       1        1            1            0          "[CAMBIO DE CLASE ELF]"      0       0
218      *      0       1       1        1            1            0          "[CAMBIO DE CLASE SUM]"      0       0
219      *      0       1       1        1            1            0          "[CAMBIO DE CLASE MG]"       0       0
220      *      0       1       1        1            1            0          "[CAMBIO DE CLASE DL]"       0       0
221      *      0       1       1        1            1            0          "[CAMBIO DE CLASE RF]"       0       0
//=======================================================================================================================
230	      *	     0	     1	     1	      1	           1	        0	      "Jewel Of Level"			    0	0
231	      *	     0	     1	     1	      1	           1	        0	      "Jewel Of Skill"			    0	0
232	      *	     0	     1	     1	      1	           1	        0	      "Jewel Of Luck"			    0	0
233	      *	     0	     1	     1	      1	           1	        0	      "Jewel Of Adicional"			0	0
234	      *	     0	     1	     1	      1	           1	        0	      "Jewel Of Excelent"			0	0
235	      *	     0	     1	     1	      1	           1	        0	      "Jewel Of Socket"			    0	0
250	      *	     0	     1	     1	      1	           1	        0	      "Jewel Of Ancient 1"			0	0
251	      *	     0	     1	     1	      1	           1	        0	      "Jewel Of Ancient 2"			0	0
252	      *	     0	     1	     1	      1	           1	        0	      "Jewel Of full"			    0	0
//=======================================================================================================================
441	      *	     0	     2	     2	      1	           1		    0	      "Summon Boss Level 1"		    0	0
442	      *	     0	     2	     2	      1	           1		    0	      "Summon Boss Level 2"		    0	0
443	      *	     0	     2	     2	      1	           1		    0	      "Summon Boss Level 3"		    0	0
444	      *	     0	     2	     2	      1	           1		    0	      "Summon Boss Level 4"		    0	0
445	      *	     0	     2	     2	      1	           1		    0	      "Summon Boss Level 5"		    0	0
446	      *	     0	     2	     2	      1	           1		    0	      "Summon Boss Level 6"		    0	0
447	      *	     0	     2	     2	      1	           1		    0	      "Summon Boss Level 7"		    0	0
448	      *	     0	     2	     2	      1	           1		    0	      "Summon Boss Level 8"		    0	0
449	      *	     0	     2	     2	      1	           1		    0	      "Summon Boss Level 9"		    0	0
450	      *	     0	     2	     2	      1	           1		    0	      "Summon Boss Level 10" 		0	0
451	      *	     0	     2	     2	      1	           1		    0	      "Summon Boss Level 11"		0	0
end

15
//Type   Slot   Skill   Width   Height   HaveSerial   HaveOption   DropItem   Name                                 Level   ReqLevel   ReqEnergy   BuyMoney   DW      DK      FE      MG      DL      SU      RF
0        *      0       1       2        1            0            1          "Scroll of Poison"                   30      0          100         17000      1       0       0       1       0       0       0
1        *      0       1       2        1            0            1          "Scroll of Meteorite"                21      0          100         11000      1       0       0       1       0       1       0
2        *      0       1       2        1            0            1          "Scroll of Lighting"                 13      0          100         3000       1       0       0       1       0       0       0
3        *      0       1       2        1            0            1          "Scroll of Fire Ball"                5       0          100         300        1       0       0       1       0       1       0
4        *      0       1       2        1            0            1          "Scroll of Flame"                    35      0          100         21000      1       0       0       1       0       0       0
5        *      0       1       2        1            0            1          "Scroll of Teleport"                 17      0          100         5000       1       0       0       0       0       0       0
6        *      0       1       2        1            0            1          "Scroll of Ice"                      25      0          100         14000      1       0       0       1       0       1       0
7        *      0       1       2        1            0            1          "Scroll of Twister"                  40      0          100         25000      1       0       0       1       0       0       0
8        *      0       1       2        1            0            1          "Scroll of Evil Spirit"              50      0          100         35000      1       0       0       1       0       0       0
9        *      0       1       2        1            0            1          "Scroll of Hellfire"                 60      0          100         60000      1       0       0       1       0       0       0
10       *      0       1       2        1            0            1          "Scroll of Power Wave"               9       0          100         1150       1       0       0       1       0       1       0
11       *      0       1       2        1            0            1          "Scroll of Aqua Beam"                74      0          110         100000     1       0       0       1       0       0       0
12       *      0       1       2        1            0            1          "Scroll of Cometfall"                80      0          150         175000     1       0       0       1       0       0       0
13       *      0       1       2        1            0            1          "Scroll of Inferno"                  88      0          200         265000     1       0       0       1       0       0       0
14       *      0       1       2        1            0            1          "Scroll of Teleport Ally"            83      0          188         245000     2       0       0       0       0       0       0
15       *      0       1       2        1            0            1          "Scroll of Soul Barrier"             77      0          126         135000     1       0       0       0       0       0       0
16       *      0       1       2        1            0            1          "Scroll of Decay"                    96      0          243         345000     2       0       0       0       0       0       0
17       *      0       1       2        1            0            1          "Scroll of Ice Storm"                93      0          223         315000     2       0       0       0       0       0       0
18       *      0       1       2        1            0            1          "Scroll of Nova"                     100     0          258         410000     2       0       0       0       0       0       0
19       *      0       1       2        1            0            1          "Chain Lightning Parchment"          75      0          75          175000     0       0       0       0       0       1       0
20       *      0       1       2        1            0            1          "Drain Life Parchment"               35      0          93          100000     0       0       0       0       0       1       0
21       *      0       1       2        1            0            1          "Lightning Shock Parchment"          93      0          216         315000     0       0       0       0       0       1       0
22       *      0       1       2        1            0            1          "Damage Reflection Parchment"        80      0          111         245000     0       0       0       0       0       1       0
23       *      0       1       2        1            0            1          "Berserker Parchment"                83      0          181         265000     0       0       0       0       0       1       0
24       *      0       1       2        1            0            1          "Sleep Parchment"                    40      0          100         135000     0       0       0       0       0       1       0
26       *      0       1       2        1            0            1          "Weakness Parchment"                 93      0          173         410000     0       0       0       0       0       2       0
27       *      0       1       2        1            0            1          "Innovation Parchment"               111     0          201         450000     0       0       0       0       0       2       0
28       *      0       1       2        1            0            1          "Scroll of Wizardry Enhance"         100     220        118         425000     2       0       0       0       0       0       0
29       *      0       1       2        1            0            1          "Scroll of Gigantic Storm"           100     220        118         380000     0       0       0       1       0       0       0
30       *      0       1       2        1            0            1          "Chain Driver Parchment"             80      150        0           175000     0       0       0       0       0       0       1
31       *      0       1       2        1            0            1          "Dark Side Parchment"                100     180        0           345000     0       0       0       0       0       0       1
32       *      0       1       2        1            0            1          "Dragon Lore Parchment"              90      150        0           265000     0       0       0       0       0       0       1
33       *      0       1       2        1            0            1          "Dragon Slayer Parchment"            100     200        0           345000     0       0       0       0       0       0       1
34       *      0       1       2        1            0            1          "Red Armor Ignore Parchment"         100     120        0           345000     0       0       0       0       0       0       1
35       *      0       1       2        1            0            1          "Fitness Parchment"                  90      80         0           265000     0       0       0       0       0       0       1
36       *      0       1       2        1            0            1          "Defense Rate Parchment"             70      50         0           60000      0       0       0       0       0       0       1
end